	Run	Language	Language name	Num wiki articles	Smoothed num wiki articles	total acc	total f1	music acc	music f1	cooking acc	cooking f1	news acc	news f1	transport acc	transport f1	weather acc	weather f1	social acc	social f1	Distance
0	0	ru	Russian	1501878	21069.016291708875	81.0	79.9	94.4	81.8	97.9	79.3	74.8	81.1	91.1	89.2	77.0	85.3	59.8	62.9	0.0
1	0	en	English	5731625	53801.50665616637	75.6	75.8	97.1	67.7	94.0	88.8	46.6	62.1	86.9	89.5	70.5	82.3	75.3	64.2	60.3
2	0	pt	Portuguese	1007323	15930.086174949594	68.2	67.6	95.2	67.2	95.1	71.2	40.2	55.2	79.6	82.4	55.8	70.7	68.4	58.9	61.6
3	0	tl	Filipino	80992	2728.409081660485	55.8	52.3	83.8	51.1	77.4	40.0	3.5	6.7	68.2	78.0	54.3	69.8	71.2	68.3	91.9
4	0	nl	Dutch	1944129	25241.05801287733	69.2	68.7	92.3	62.2	84.8	73.1	55.0	67.9	88.8	88.7	42.2	58.8	71.4	61.7	64.6
5	0	id	Indonesian	440952	8934.575471457805	66.6	65.0	93.0	78.0	92.6	56.9	26.3	41.2	81.6	84.4	61.3	75.3	67.8	53.9	91.2
6	0	zh-TW	Chinese (Taiwan)	1025366	16129.289567758304	77.7	77.2	93.5	84.8	98.2	76.6	51.8	65.4	88.5	90.0	75.7	85.3	73.2	60.9	92.2
7	0	fi	Finnish	445606	9000.48103071153	53.3	50.3	91.0	58.9	82.3	49.2	13.2	22.9	76.5	79.8	28.4	42.4	60.2	48.6	88.9
8	0	fr	French	2046793	26166.868152131654	65.9	64.8	95.6	62.4	94.0	72.7	34.9	48.3	87.2	87.3	39.9	56.2	72.4	62.1	61.0
9	0	sv	Swedish	3763579	40079.35516912295	69.1	68.4	92.7	64.0	75.6	69.9	48.2	62.8	86.8	85.6	52.3	67.3	72.2	61.1	59.5
10	0	it	Italian	1466064	20716.05477596178	68.2	66.7	93.9	69.8	97.5	65.9	37.2	52.5	90.2	89.8	45.7	62.1	71.2	59.9	45.8
11	0	es	Spanish	1480965	20863.220900139917	68.8	67.7	94.4	68.8	97.2	67.9	48.0	62.8	86.5	85.7	55.8	70.3	52.1	50.5	51.7
12	0	hu	Hungarian	437984	8892.436485412938	60.8	58.7	95.4	63.3	85.5	69.9	13.9	23.4	82.2	81.1	48.6	64.0	65.4	50.2	87.2
13	0	da	Danish	240436	5843.857885715987	67.0	66.2	94.9	67.6	64.3	61.2	50.2	65.4	77.7	76.5	50.3	65.7	76.1	60.9	66.2
14	0	sl	Slovenian	162453	4441.292895433814	66.3	64.7	91.8	74.5	87.6	59.4	31.4	45.5	85.8	86.8	59.7	73.4	59.4	48.8	4.2
15	0	fa	Persian	643750	11643.996586055895	64.4	62.9	93.0	69.4	85.9	67.6	22.6	34.7	74.2	79.7	70.9	81.7	57.5	44.5	72.4
16	0	ml	Malayalam	59305	2193.6327290113036	49.1	47.1	85.0	65.5	55.5	42.1	8.3	14.9	33.7	47.1	60.5	72.5	72.0	40.6	96.7
17	0	pl	Polish	1303297	19077.89160410566	65.5	63.8	93.7	68.9	67.8	55.2	45.5	55.0	82.6	80.4	58.4	72.8	52.3	50.3	5.1
18	0	de	German	2227483	27763.235613104658	53.3	52.3	95.2	48.6	62.2	62.1	16.6	27.5	66.6	74.8	30.2	45.8	74.8	55.2	64.5
19	0	ur	Urdu	140939	4020.886646589358	55.6	55.4	78.7	49.0	64.7	55.9	30.0	43.3	45.6	58.8	63.4	76.2	66.4	49.0	66.7
20	0	ta	Tamil	118119	3553.2341961723664	51.7	49.3	91.0	64.8	65.4	47.4	18.7	29.4	75.3	75.3	22.1	35.2	63.4	43.6	94.7
21	0	ar	Arabic	619692	11337.652004613721	54.5	53.7	88.6	58.4	78.4	59.4	20.1	30.0	56.4	65.9	59.3	72.4	46.1	36.2	86.5
22	0	af	Afrikaans	62963	2287.493079706232	53.0	49.9	93.0	49.2	73.5	55.8	6.9	12.5	79.6	84.3	34.3	50.2	56.7	47.6	64.8
23	0	ms	Malay	320631	7148.3178746845315	66.4	64.6	92.0	74.3	90.1	57.5	25.7	40.3	78.3	83.6	64.2	77.4	69.4	54.4	-
24	0	ca	Catalan	591783	10977.760196118565	60.7	58.9	95.4	63.0	90.1	59.5	33.0	47.5	87.1	86.4	37.0	53.3	47.9	43.4	60.3
25	0	ko	Korean	429369	8769.634230898475	61.5	60.3	93.9	63.6	77.0	69.9	18.2	26.8	81.6	85.2	48.7	64.3	71.0	52.0	89.5
26	0	ka	Georgian	124694	3690.5567651731817	38.5	37.6	92.5	53.0	55.8	33.8	21.7	29.2	28.8	39.3	30.6	44.5	30.4	26.1	96.0
27	0	zh	Chinese	1025366	16129.289567758304	76.0	75.5	93.9	83.3	96.8	75.7	46.4	60.1	86.9	88.9	72.0	82.5	77.3	62.3	92.2
28	0	el	Greek	153855	4275.413558775179	48.7	46.8	94.4	52.5	73.9	42.4	12.3	21.6	42.2	56.2	40.2	53.8	63.8	54.2	75.3
29	0	ro	Romanian	388896	8182.451378862378	58.3	54.4	92.7	56.2	81.6	51.1	7.5	13.6	81.3	84.5	42.8	58.7	70.8	62.1	55.0
30	0	nb	Norwegian Bokmål	495395	9693.176779637484	64.1	63.5	94.2	62.1	70.7	66.0	45.1	58.7	82.3	84.2	35.9	51.8	75.5	57.9	67.2
31	0	hy	Armenian	246571	5947.841647504996	52.1	51.3	92.3	52.4	59.0	42.5	37.6	50.4	54.1	63.3	29.1	43.6	64.2	55.4	77.8
32	0	az	Azerbaijani	138538	3972.8140633080093	63.7	63.1	90.1	74.1	89.0	61.8	31.1	45.3	63.0	68.7	66.1	78.6	65.8	50.0	87.7
33	0	vi	Vietnamese	1190187	17903.19910696157	63.0	62.2	92.0	56.4	96.1	73.3	28.9	43.7	81.3	87.1	36.2	52.4	77.1	60.5	95.0
34	0	am	Amharic	14375	813.4399490826034	9.5	4.6	1.0	1.5	97.5	16.7	0.0	0.0	0.1	0.3	0.0	0.0	5.4	9.4	86.6
35	0	mn	Mongolian	18353	965.1502893781166	34.5	31.2	91.3	59.7	55.1	24.8	0.8	1.6	25.9	39.0	13.4	23.1	61.2	39.1	86.2
36	0	te	Telugu	69354	2447.6541908977074	53.6	49.7	92.5	52.5	46.3	43.0	7.7	13.8	61.3	68.9	67.5	77.6	52.3	42.6	96.7
37	0	tr	Turkish	316969	7091.069677157644	63.2	60.5	92.5	64.4	82.3	62.1	14.4	24.5	80.3	83.8	59.1	73.6	71.8	54.4	86.2
38	0	sw	Swahili	45806	1830.820042504627	30.6	27.4	88.4	34.0	50.2	30.0	1.1	2.2	29.5	44.4	3.6	6.7	49.9	46.9	95.1
39	0	hi	Hindi	127044	3739.1071557224855	59.5	57.5	90.3	69.3	81.6	57.1	15.5	25.2	67.9	72.7	66.5	79.1	54.5	41.5	69.8
40	0	my	Burmese	39823	1659.9453177012165	52.3	49.3	86.0	67.6	78.8	43.5	2.9	5.4	65.8	74.6	45.5	61.9	62.6	42.8	86.0
41	0	sq	Albanian	74871	2582.3763971227927	51.8	46.5	93.0	58.4	80.9	44.9	4.8	9.0	86.0	87.3	16.9	28.1	63.8	51.0	69.4
42	0	kn	Kannada	23844	1159.2187022563849	56.3	53.7	86.7	63.4	61.5	53.2	10.2	17.7	64.9	68.2	63.2	75.8	63.8	44.0	90.8
43	0	he	Hebrew	231868	5697.293213710288	59.7	58.0	92.7	58.9	70.3	56.1	32.2	47.3	70.4	73.9	65.3	76.0	38.0	36.1	88.9
44	0	cy	Welsh	101472	3194.7902785368406	28.1	23.6	90.1	39.8	56.5	32.2	1.1	2.2	13.7	23.1	5.2	9.8	48.1	34.4	75.5
45	0	lv	Latvian	88189	2895.9435542059928	50.0	47.9	90.8	60.5	85.5	51.9	14.0	23.8	69.2	74.0	26.3	40.9	48.9	36.3	49.1
46	0	ja	Japanese	1124097	17201.354733083634	68.5	66.0	93.0	74.6	83.0	66.8	19.5	31.5	87.6	89.2	75.0	84.8	65.2	48.9	93.3
47	0	bn	Bangla	61294	2244.8771262505607	45.5	43.4	92.0	53.3	49.8	41.2	11.8	19.7	51.8	57.7	31.4	46.9	59.0	41.7	66.3
48	0	jv	Javanese	54964	2079.9592748739587	39.0	36.8	90.6	48.9	78.4	33.2	5.4	10.2	27.2	40.3	25.8	40.0	51.9	48.0	95.4
49	0	th	Thai	127010	3738.4066557136134	44.8	42.2	93.7	48.2	59.4	42.7	13.9	21.8	64.6	71.6	15.9	27.2	49.7	41.4	89.5
50	0	km	Khmer	6741	478.7480620730186	12.3	8.4	4.8	8.3	64.3	14.4	0.3	0.6	0.0	0.0	0.0	0.0	39.2	27.2	97.1
51	0	is	Icelandic	45873	1832.6941776121614	31.7	28.6	78.0	43.0	61.8	29.8	5.1	9.2	14.1	22.3	14.7	25.0	59.0	42.4	68.9
52	1	ru	Russian	1501878	21069.016291708875	81.5	81.0	94.2	77.1	96.5	86.5	74.3	81.2	89.2	91.3	80.0	86.5	63.2	63.2	0
53	1	en	English	5731625	53801.50665616637	74.0	74.6	97.3	62.3	79.9	85.6	51.7	65.7	84.3	89.7	70.1	81.8	70.6	62.4	60.3
54	1	pt	Portuguese	1007323	15930.086174949594	68.5	68.9	96.1	61.3	78.8	78.7	43.5	58.7	76.0	81.7	61.7	74.6	70.4	58.5	61.6
55	1	tl	Filipino	80992	2728.409081660485	54.5	50.5	89.3	45.3	49.8	40.8	3.5	6.8	68.3	78.1	56.1	70.8	70.6	61.4	91.9
56	1	nl	Dutch	1944129	25241.05801287733	68.3	68.2	94.9	56.4	67.8	71.5	61.1	73.0	87.8	89.1	42.9	58.9	65.6	60.4	64.6
57	1	id	Indonesian	440952	8934.575471457805	71.0	70.1	95.6	68.2	81.6	70.4	46.7	62.0	78.3	82.9	72.6	82.5	62.4	54.7	91.2
58	1	zh-TW	Chinese (Taiwan)	1025366	16129.289567758304	80.4	80.2	94.4	79.2	94.7	85.5	73.5	79.8	82.3	86.5	79.1	86.4	68.2	63.8	92.2
59	1	fi	Finnish	445606	9000.48103071153	53.4	51.1	92.0	54.6	63.3	48.8	14.0	24.0	69.5	78.4	38.0	51.3	65.2	49.2	88.9
60	1	fr	French	2046793	26166.868152131654	64.9	65.2	96.4	57.6	84.8	81.9	34.8	48.9	85.0	87.7	41.4	57.0	71.6	58.4	61.0
61	1	sv	Swedish	3763579	40079.35516912295	69.9	69.3	95.6	59.4	56.2	67.1	51.8	66.5	85.3	88.4	60.8	73.8	70.8	60.4	59.5
62	1	it	Italian	1466064	20716.05477596178	68.4	68.2	95.2	63.4	85.9	78.1	39.2	54.1	89.2	91.6	52.0	66.3	68.2	55.6	45.8
63	1	es	Spanish	1480965	20863.220900139917	67.4	67.6	94.7	61.8	90.8	81.7	39.6	55.4	84.5	85.5	55.3	69.6	60.4	51.4	51.7
64	1	hu	Hungarian	437984	8892.436485412938	62.5	61.7	93.7	60.4	73.1	74.3	19.1	31.0	78.3	83.1	55.4	68.8	73.2	52.4	87.2
65	1	da	Danish	240436	5843.857885715987	66.9	65.8	96.4	58.8	45.6	56.1	55.7	69.5	77.1	79.5	54.9	69.2	72.0	61.4	66.2
66	1	sl	Slovenian	162453	4441.292895433814	72.2	71.1	91.8	67.7	74.6	65.4	56.6	70.0	84.3	88.4	67.4	77.8	64.4	57.1	4.2
67	1	fa	Persian	643750	11643.996586055895	67.0	66.2	91.0	67.5	79.2	71.2	29.7	44.6	73.1	80.2	73.8	81.8	69.0	51.7	72.4
68	1	ml	Malayalam	59305	2193.6327290113036	51.8	49.9	84.5	69.8	45.9	44.4	13.9	23.3	29.1	43.1	67.4	74.5	84.9	44.4	96.7
69	1	pl	Polish	1303297	19077.89160410566	62.8	60.5	93.7	60.5	47.7	53.8	26.2	39.8	80.0	83.5	67.2	78.7	61.2	46.7	5.1
70	1	de	German	2227483	27763.235613104658	50.2	49.4	96.6	43.6	36.4	51.4	15.0	25.5	60.4	73.2	34.0	49.6	73.6	53.4	64.5
71	1	ur	Urdu	140939	4020.886646589358	58.3	57.7	81.1	51.5	46.6	53.7	36.2	51.1	46.2	60.2	70.5	79.6	72.8	50.0	66.7
72	1	ta	Tamil	118119	3553.2341961723664	56.1	54.8	92.7	65.2	54.1	49.7	30.5	43.9	72.7	74.4	35.1	48.9	66.8	46.7	94.7
73	1	ar	Arabic	619692	11337.652004613721	57.8	57.2	89.8	58.5	59.0	56.1	35.6	47.5	52.4	63.9	64.2	72.2	56.5	45.0	86.5
74	1	af	Afrikaans	62963	2287.493079706232	52.4	51.5	95.6	43.2	61.5	65.3	9.1	16.3	77.0	83.9	37.2	52.5	53.7	47.7	64.8
75	1	ms	Malay	320631	7148.3178746845315	71.0	70.2	93.9	66.7	77.4	67.7	49.0	64.2	73.8	81.0	75.4	84.7	65.8	56.5	-
76	1	ca	Catalan	591783	10977.760196118565	60.5	60.1	95.6	54.7	72.1	67.9	38.3	52.7	84.9	86.4	37.7	53.2	51.7	45.4	60.3
77	1	ko	Korean	429369	8769.634230898475	63.1	62.4	94.4	61.8	71.0	74.4	20.6	31.3	80.1	84.8	58.3	70.6	69.4	51.4	89.5
78	1	ka	Georgian	124694	3690.5567651731817	42.6	41.8	92.0	51.2	47.0	33.2	33.5	45.3	24.0	36.3	35.1	47.7	47.5	36.8	96.0
79	1	zh	Chinese	1025366	16129.289567758304	79.3	79.5	94.7	78.0	94.7	87.2	67.0	74.5	84.3	87.8	74.3	83.5	73.6	65.9	92.2
80	1	el	Greek	153855	4275.413558775179	45.9	44.9	95.4	43.9	43.1	45.1	16.1	27.2	34.5	49.3	42.9	55.0	64.2	49.2	75.3
81	1	ro	Romanian	388896	8182.451378862378	56.6	54.1	95.6	48.3	59.4	59.2	7.2	13.0	75.1	82.3	47.5	62.4	72.4	59.2	55.0
82	1	nb	Norwegian Bokmål	495395	9693.176779637484	63.5	63.3	95.2	54.0	56.2	64.9	51.5	64.5	82.3	86.1	36.4	52.0	70.2	58.6	67.2
83	1	hy	Armenian	246571	5947.841647504996	47.8	47.0	94.2	43.7	33.9	38.6	29.0	42.1	41.0	53.5	33.2	46.3	72.0	58.1	77.8
84	1	az	Azerbaijani	138538	3972.8140633080093	66.7	66.2	94.2	68.8	79.5	67.4	38.9	54.0	62.7	70.4	71.3	81.6	70.2	54.8	87.7
85	1	vi	Vietnamese	1190187	17903.19910696157	66.0	67.5	89.3	52.2	90.5	87.4	46.1	61.1	83.5	89.0	39.9	56.0	71.6	59.5	95.0
86	1	am	Amharic	14375	813.4399490826034	14.5	4.6	1.2	1.7	0.0	0.0	0.0	0.0	0.0	0.0	0.0	0.0	93.4	25.9	86.6
87	1	mn	Mongolian	18353	965.1502893781166	40.2	37.9	91.3	60.8	50.5	27.8	8.5	15.0	24.7	38.3	28.0	41.7	71.6	43.5	86.2
88	1	te	Telugu	69354	2447.6541908977074	55.5	51.0	90.6	56.5	31.4	39.0	9.9	17.6	61.0	69.5	73.5	79.6	63.4	43.9	96.7
89	1	tr	Turkish	316969	7091.069677157644	66.6	64.6	93.9	63.0	69.6	66.9	21.7	34.4	82.0	86.3	68.9	80.4	74.0	56.4	86.2
90	1	sw	Swahili	45806	1830.820042504627	31.4	29.3	92.3	31.3	21.2	25.3	5.6	10.4	31.9	47.2	10.3	17.2	49.3	44.5	95.1
91	1	hi	Hindi	127044	3739.1071557224855	63.7	62.2	89.3	67.0	72.1	59.6	28.5	42.7	68.6	74.4	73.4	82.4	60.6	46.9	69.8
92	1	my	Burmese	39823	1659.9453177012165	55.8	53.5	85.7	65.9	61.1	48.7	9.3	16.7	65.9	76.0	55.7	69.4	72.8	44.3	86.0
93	1	sq	Albanian	74871	2582.3763971227927	52.2	49.3	93.2	46.1	68.2	56.1	10.7	18.8	82.2	88.3	19.2	30.5	67.6	55.7	69.4
94	1	kn	Kannada	23844	1159.2187022563849	58.2	55.4	87.4	58.5	53.7	53.1	13.6	23.2	62.4	70.7	73.0	80.9	65.2	46.1	90.8
95	1	he	Hebrew	231868	5697.293213710288	62.2	60.7	93.0	56.1	50.2	53.3	40.7	55.4	67.9	75.8	69.8	77.3	51.3	46.2	88.9
96	1	cy	Welsh	101472	3194.7902785368406	29.5	27.5	91.5	34.4	34.3	30.3	15.9	27.2	14.5	24.5	7.3	13.3	45.9	35.3	75.5
97	1	lv	Latvian	88189	2895.9435542059928	50.6	50.4	91.3	55.8	59.0	56.7	17.4	29.0	62.2	73.7	33.2	48.4	63.2	38.7	49.1
98	1	ja	Japanese	1124097	17201.354733083634	73.4	72.0	92.3	73.1	76.3	70.1	46.6	61.0	88.2	88.6	77.6	85.4	63.2	54.1	93.3
99	1	bn	Bangla	61294	2244.8771262505607	50.2	48.5	90.6	57.1	37.5	42.0	18.0	29.1	49.8	59.2	44.7	58.3	72.8	44.9	66.3
100	1	jv	Javanese	54964	2079.9592748739587	39.9	38.9	95.4	39.4	61.1	49.7	7.8	14.2	24.5	37.4	33.6	47.9	52.9	44.9	95.4
101	1	th	Thai	127010	3738.4066557136134	50.9	49.7	92.7	51.8	48.4	46.1	23.9	34.5	63.3	72.4	35.4	49.7	56.7	43.7	89.5
102	1	km	Khmer	6741	478.7480620730186	15.7	6.2	5.8	9.5	0.4	0.7	0.3	0.6	0.0	0.0	0.0	0.0	97.0	26.5	97.1
103	1	is	Icelandic	45873	1832.6941776121614	33.5	31.3	86.0	38.6	45.2	33.6	12.8	21.5	14.8	23.9	16.3	27.2	60.6	42.9	68.9
104	2	ru	Russian	1501878	21069.016291708875	79.9	78.6	94.2	73.3	97.2	82.7	77.4	81.4	89.4	91.2	78.9	86.1	49.9	56.9	0
105	2	en	English	5731625	53801.50665616637	76.0	76.5	96.6	61.9	82.0	83.9	62.0	73.9	81.3	87.5	72.2	83.0	71.6	68.9	60.3
106	2	pt	Portuguese	1007323	15930.086174949594	69.1	69.7	93.5	58.8	85.2	76.5	54.7	68.7	71.4	79.6	58.6	71.6	70.4	63.2	61.6
107	2	tl	Filipino	80992	2728.409081660485	54.6	51.1	91.0	43.5	50.9	41.6	2.9	5.6	66.0	77.3	57.2	71.6	71.8	66.8	91.9
108	2	nl	Dutch	1944129	25241.05801287733	68.5	68.5	91.3	57.9	70.0	72.0	60.9	73.3	86.2	88.6	43.5	59.5	70.4	59.6	64.6
109	2	id	Indonesian	440952	8934.575471457805	68.6	67.5	94.7	65.7	83.4	66.3	36.5	52.8	75.5	82.6	68.6	80.2	69.4	57.5	91.2
110	2	zh-TW	Chinese (Taiwan)	1025366	16129.289567758304	80.6	79.9	93.2	79.6	96.5	77.7	72.7	80.1	83.6	88.3	78.3	85.4	70.4	68.3	92.2
111	2	fi	Finnish	445606	9000.48103071153	53.3	52.4	91.3	49.6	65.7	52.8	23.4	37.1	65.9	76.3	32.1	45.8	66.0	52.6	88.9
112	2	fr	French	2046793	26166.868152131654	65.8	66.4	95.4	55.5	85.9	79.0	42.3	55.7	81.2	86.4	42.9	58.6	71.6	63.1	61.0
113	2	sv	Swedish	3763579	40079.35516912295	71.7	71.0	93.2	59.7	61.1	66.4	62.0	74.4	83.0	86.9	59.9	72.8	73.2	66.0	59.5
114	2	it	Italian	1466064	20716.05477596178	69.7	69.2	93.9	62.1	90.5	73.6	47.2	62.4	86.8	90.1	47.6	62.5	74.4	64.6	45.8
115	2	es	Spanish	1480965	20863.220900139917	68.4	68.8	93.7	57.2	90.8	76.5	57.9	71.1	80.0	85.5	50.5	65.4	58.1	56.9	51.7
116	2	hu	Hungarian	437984	8892.436485412938	60.5	59.7	93.0	60.0	77.7	71.2	19.3	31.1	73.8	80.1	50.5	64.7	71.8	51.2	87.2
117	2	da	Danish	240436	5843.857885715987	69.4	68.2	94.4	63.3	51.6	58.6	59.3	72.2	74.4	79.3	61.9	73.6	75.3	62.5	66.2
118	2	sl	Slovenian	162453	4441.292895433814	72.3	71.2	92.5	68.5	80.9	61.8	61.4	74.8	82.0	87.1	64.7	76.1	62.2	58.7	4.2
119	2	fa	Persian	643750	11643.996586055895	64.2	63.5	94.4	60.0	71.4	67.4	30.6	45.8	72.2	80.4	68.7	79.2	59.8	48.0	72.4
120	2	ml	Malayalam	59305	2193.6327290113036	45.3	41.9	91.0	57.8	53.4	38.4	5.9	11.0	23.0	35.5	59.4	69.5	62.8	39.4	96.7
121	2	pl	Polish	1303297	19077.89160410566	64.3	62.3	93.5	60.5	57.2	49.2	37.2	53.3	76.5	82.1	65.6	77.0	59.2	51.6	5.1
122	2	de	German	2227483	27763.235613104658	53.0	53.2	95.2	44.6	44.2	55.1	23.8	37.3	56.7	70.4	41.0	56.6	72.2	55.4	64.5
123	2	ur	Urdu	140939	4020.886646589358	55.3	54.6	86.0	50.3	51.2	55.0	23.9	38.1	42.9	57.9	66.4	77.8	72.8	48.7	66.7
124	2	ta	Tamil	118119	3553.2341961723664	49.4	46.2	93.0	55.8	48.8	41.9	8.0	14.7	71.5	78.0	33.5	47.7	57.9	39.1	94.7
125	2	ar	Arabic	619692	11337.652004613721	56.4	56.1	91.0	52.6	61.1	56.1	33.2	47.3	55.0	66.6	62.0	74.0	47.9	39.9	86.5
126	2	af	Afrikaans	62963	2287.493079706232	51.9	49.5	92.7	47.4	59.4	59.5	5.3	9.9	76.4	83.6	34.3	49.5	64.2	47.1	64.8
127	2	ms	Malay	320631	7148.3178746845315	69.2	68.3	94.7	64.5	79.9	70.0	36.8	53.0	74.5	82.3	71.7	81.8	71.8	58.6	-
128	2	ca	Catalan	591783	10977.760196118565	63.0	62.3	95.6	57.3	79.5	61.0	46.9	62.7	81.7	86.7	39.8	54.9	54.7	51.0	60.3
129	2	ko	Korean	429369	8769.634230898475	56.5	56.2	95.2	52.3	67.8	67.6	19.8	30.6	70.6	79.3	40.5	54.5	68.2	52.8	89.5
130	2	ka	Georgian	124694	3690.5567651731817	36.6	35.0	94.4	42.6	43.1	27.4	20.3	32.0	21.9	32.7	39.0	51.1	22.7	24.3	96.0
131	2	zh	Chinese	1025366	16129.289567758304	78.6	78.2	93.5	77.7	96.1	77.6	66.3	75.9	83.0	88.0	72.4	81.0	74.8	68.8	92.2
132	2	el	Greek	153855	4275.413558775179	44.4	42.6	95.6	41.7	45.6	38.2	11.2	19.9	29.4	43.7	46.5	58.2	60.8	54.2	75.3
133	2	ro	Romanian	388896	8182.451378862378	56.5	53.2	94.4	49.3	60.4	52.5	6.1	11.2	75.1	82.9	47.3	62.6	74.0	60.6	55.0
134	2	nb	Norwegian Bokmål	495395	9693.176779637484	65.2	65.3	91.8	56.7	62.9	67.4	53.1	66.5	78.6	84.4	43.2	58.2	73.2	58.5	67.2
135	2	hy	Armenian	246571	5947.841647504996	44.4	44.3	94.2	41.4	57.2	46.4	24.9	39.0	22.6	34.8	34.8	46.4	65.0	58.1	77.8
136	2	az	Azerbaijani	138538	3972.8140633080093	61.2	60.1	93.7	62.0	84.1	64.6	24.6	38.6	50.5	62.2	71.7	81.7	66.8	51.3	87.7
137	2	vi	Vietnamese	1190187	17903.19910696157	64.0	65.6	94.7	50.9	90.8	85.1	44.2	59.6	77.6	85.6	34.6	49.9	72.2	62.5	95.0
138	2	am	Amharic	14375	813.4399490826034	12.3	5.9	81.8	20.6	0.4	0.7	0.2	0.3	0.1	0.3	0.0	0.0	11.9	13.5	86.6
139	2	mn	Mongolian	18353	965.1502893781166	35.2	31.9	93.9	51.9	40.6	20.8	4.3	8.1	21.9	34.5	20.0	31.9	63.0	43.8	86.2
140	2	te	Telugu	69354	2447.6541908977074	52.1	47.2	93.2	48.6	36.7	36.6	4.5	8.5	59.7	69.2	69.7	77.6	50.5	42.9	96.7
141	2	tr	Turkish	316969	7091.069677157644	63.7	62.2	94.2	57.1	72.4	65.0	22.0	35.6	74.0	82.3	63.6	76.5	71.8	56.8	86.2
142	2	sw	Swahili	45806	1830.820042504627	31.1	27.3	92.0	32.0	22.3	23.2	1.6	3.1	28.3	43.3	5.8	10.6	63.6	51.5	95.1
143	2	hi	Hindi	127044	3739.1071557224855	58.9	56.5	92.5	62.4	72.1	53.8	17.2	28.7	64.2	71.9	70.0	80.0	52.7	42.4	69.8
144	2	my	Burmese	39823	1659.9453177012165	49.5	46.2	89.8	55.7	59.4	36.6	4.0	7.6	59.7	71.4	46.8	62.7	57.7	43.2	86.0
145	2	sq	Albanian	74871	2582.3763971227927	50.6	45.8	92.5	49.3	71.4	49.8	3.3	6.4	82.6	88.0	17.4	28.6	67.8	52.7	69.4
146	2	kn	Kannada	23844	1159.2187022563849	53.8	50.0	89.3	53.6	58.3	49.8	4.1	7.9	59.0	68.6	67.4	77.5	57.3	42.9	90.8
147	2	he	Hebrew	231868	5697.293213710288	60.9	59.9	93.7	48.5	48.8	52.6	51.8	66.3	66.9	75.1	64.6	75.2	37.8	42.0	88.9
148	2	cy	Welsh	101472	3194.7902785368406	27.9	24.7	94.2	33.5	27.2	25.8	16.9	28.8	8.3	15.0	3.6	6.7	50.1	38.6	75.5
149	2	lv	Latvian	88189	2895.9435542059928	48.3	46.8	90.6	53.9	73.5	50.9	12.3	21.2	56.8	68.6	30.7	45.6	58.1	40.7	49.1
150	2	ja	Japanese	1124097	17201.354733083634	75.3	73.5	94.9	67.3	70.3	63.0	68.1	78.7	83.5	87.8	77.0	84.0	57.3	60.0	93.3
151	2	bn	Bangla	61294	2244.8771262505607	46.1	43.9	94.4	47.4	39.6	41.0	9.9	17.6	50.8	60.4	38.1	53.0	60.6	43.9	66.3
152	2	jv	Javanese	54964	2079.9592748739587	37.1	35.5	94.7	37.2	55.1	42.6	4.5	8.5	20.9	32.9	30.6	45.2	52.7	46.5	95.4
153	2	th	Thai	127010	3738.4066557136134	43.8	42.8	95.4	41.0	38.2	43.4	13.2	19.1	61.4	73.2	27.6	41.4	41.6	39.0	89.5
154	2	km	Khmer	6741	478.7480620730186	20.2	11.1	49.4	33.1	1.1	2.0	0.3	0.6	0.0	0.0	0.0	0.0	89.5	30.7	97.1
155	2	is	Icelandic	45873	1832.6941776121614	32.7	29.8	77.0	39.8	58.7	33.0	8.1	14.5	10.2	17.8	19.5	31.0	62.8	42.6	68.9
156	3	ru	Russian	1501878	21069.016291708875	80.5	79.4	93.9	80.1	97.5	83.4	75.1	79.4	91.4	89.9	78.3	85.9	54.1	58.0	0
157	3	en	English	5731625	53801.50665616637	76.4	76.3	95.9	73.6	92.2	87.4	48.0	61.2	89.5	87.9	73.0	83.8	73.4	63.8	60.3
158	3	pt	Portuguese	1007323	15930.086174949594	68.3	68.4	93.9	67.7	88.0	78.7	38.1	52.2	79.3	82.3	60.6	74.1	70.0	55.2	61.6
159	3	tl	Filipino	80992	2728.409081660485	57.9	54.8	83.1	61.5	80.6	37.9	6.5	12.0	69.6	77.7	56.2	71.1	74.8	68.5	91.9
160	3	nl	Dutch	1944129	25241.05801287733	69.0	68.3	91.0	65.1	80.9	72.2	52.5	63.8	90.4	87.3	46.8	62.7	67.4	58.7	64.6
161	3	id	Indonesian	440952	8934.575471457805	69.7	68.2	92.7	76.1	90.1	63.3	32.4	48.0	81.4	84.5	69.0	80.6	70.6	56.5	91.2
162	3	zh-TW	Chinese (Taiwan)	1025366	16129.289567758304	78.4	77.8	93.0	85.1	96.8	76.8	56.1	66.5	87.1	89.9	78.9	86.9	71.2	61.9	92.2
163	3	fi	Finnish	445606	9000.48103071153	55.5	53.4	88.9	60.8	70.7	50.0	22.6	35.4	78.4	78.7	32.8	47.6	62.2	48.0	88.9
164	3	fr	French	2046793	26166.868152131654	65.4	64.6	96.4	64.1	90.8	73.7	34.1	47.3	84.5	84.6	40.6	56.7	74.2	60.9	61.0
165	3	sv	Swedish	3763579	40079.35516912295	69.3	68.5	90.1	65.0	71.7	72.2	43.2	56.5	89.5	86.6	59.3	73.2	70.0	57.8	59.5
166	3	it	Italian	1466064	20716.05477596178	68.4	67.3	93.9	69.3	92.2	73.4	35.2	49.1	92.4	90.6	48.0	63.8	72.0	57.6	45.8
167	3	es	Spanish	1480965	20863.220900139917	65.8	65.2	93.7	65.6	95.4	75.8	38.0	51.9	85.3	84.4	52.0	67.0	53.5	46.6	51.7
168	3	hu	Hungarian	437984	8892.436485412938	60.4	59.4	94.2	65.5	80.2	70.7	21.7	31.6	84.0	83.4	42.1	58.0	63.6	47.3	87.2
169	3	da	Danish	240436	5843.857885715987	68.3	67.5	94.2	72.2	61.1	63.8	54.4	65.2	83.2	77.0	52.0	67.1	71.4	59.6	66.2
170	3	sl	Slovenian	162453	4441.292895433814	67.6	66.6	89.1	71.1	77.7	68.1	35.4	48.3	88.2	87.1	63.1	75.8	62.4	48.9	4.2
171	3	fa	Persian	643750	11643.996586055895	63.3	61.7	92.0	68.2	87.3	67.9	22.2	34.8	77.0	79.3	71.7	82.4	46.3	37.5	72.4
172	3	ml	Malayalam	59305	2193.6327290113036	48.7	47.4	85.0	65.7	61.8	44.3	14.0	22.1	28.5	39.7	60.5	71.8	65.8	40.6	96.7
173	3	pl	Polish	1303297	19077.89160410566	64.1	62.0	92.5	63.0	51.9	54.6	34.8	46.4	82.7	82.5	65.4	77.6	56.7	48.1	5.1
174	3	de	German	2227483	27763.235613104658	54.9	54.0	93.2	50.3	55.1	62.7	17.4	27.8	69.2	75.5	36.8	52.7	77.1	55.4	64.5
175	3	ur	Urdu	140939	4020.886646589358	60.3	59.6	73.8	52.5	62.9	54.6	41.6	55.0	55.8	65.7	66.7	77.7	68.0	52.2	66.7
176	3	ta	Tamil	118119	3553.2341961723664	51.8	50.2	91.5	63.5	64.3	47.6	28.2	39.0	73.5	72.4	27.2	41.0	47.5	37.9	94.7
177	3	ar	Arabic	619692	11337.652004613721	56.2	56.3	87.9	60.2	72.4	65.8	24.2	32.6	62.6	71.0	60.9	73.6	44.9	34.5	86.5
178	3	af	Afrikaans	62963	2287.493079706232	56.5	53.9	92.5	53.6	74.6	58.4	14.2	23.2	83.2	83.2	40.7	56.7	55.3	48.5	64.8
179	3	ms	Malay	320631	7148.3178746845315	68.8	66.8	91.8	77.3	88.7	63.9	24.4	38.4	81.4	84.4	73.0	83.0	70.8	54.1	-
180	3	ca	Catalan	591783	10977.760196118565	59.7	58.0	94.9	63.1	85.5	62.7	30.1	43.5	88.2	85.6	36.5	52.3	47.5	40.9	60.3
181	3	ko	Korean	429369	8769.634230898475	63.1	62.2	92.5	69.7	82.7	69.1	23.6	31.3	84.5	87.2	54.7	68.7	59.6	46.9	89.5
182	3	ka	Georgian	124694	3690.5567651731817	40.1	39.1	91.8	53.2	50.2	35.1	33.0	38.0	22.6	31.7	35.8	48.4	31.2	28.3	96.0
183	3	zh	Chinese	1025366	16129.289567758304	76.6	76.2	92.7	81.7	95.4	78.4	55.2	64.0	87.1	89.0	73.5	83.0	69.6	61.2	92.2
184	3	el	Greek	153855	4275.413558775179	49.9	48.4	94.9	47.5	53.7	41.5	16.9	27.3	39.6	53.0	49.4	62.0	67.4	59.2	75.3
185	3	ro	Romanian	388896	8182.451378862378	58.6	55.6	89.3	57.5	76.7	55.9	12.4	20.7	79.9	82.1	43.3	59.5	73.6	58.0	55.0
186	3	nb	Norwegian Bokmål	495395	9693.176779637484	65.8	65.0	93.9	66.6	67.8	65.9	45.8	58.1	86.2	84.5	41.8	57.5	73.2	57.1	67.2
187	3	hy	Armenian	246571	5947.841647504996	49.0	48.5	92.7	46.8	53.4	47.3	29.3	40.7	48.6	57.6	28.5	42.7	65.6	56.1	77.8
188	3	az	Azerbaijani	138538	3972.8140633080093	63.5	62.8	93.2	70.5	87.3	61.4	36.2	49.6	61.2	67.0	65.8	78.5	59.6	50.0	87.7
189	3	vi	Vietnamese	1190187	17903.19910696157	64.5	64.4	90.8	54.3	95.1	77.7	37.2	52.2	85.2	88.6	36.2	52.1	72.6	61.6	95.0
190	3	am	Amharic	14375	813.4399490826034	14.7	4.9	1.0	1.5	0.7	1.4	0.3	0.6	0.0	0.0	0.0	0.0	94.2	26.0	86.6
191	3	mn	Mongolian	18353	965.1502893781166	39.0	37.3	87.7	65.2	65.0	27.8	5.3	9.6	25.0	37.7	26.2	40.0	64.8	43.3	86.2
192	3	te	Telugu	69354	2447.6541908977074	54.8	51.8	91.3	56.1	54.1	48.0	15.0	24.2	62.7	66.2	69.5	78.4	42.5	37.8	96.7
193	3	tr	Turkish	316969	7091.069677157644	64.1	62.2	91.5	64.7	80.2	60.6	25.2	37.7	81.2	82.7	59.1	73.5	65.0	54.0	86.2
194	3	sw	Swahili	45806	1830.820042504627	35.6	33.3	82.3	39.8	59.0	29.9	7.7	13.9	35.5	49.4	11.0	19.3	54.7	47.7	95.1
195	3	hi	Hindi	127044	3739.1071557224855	63.3	61.8	89.1	71.0	83.7	59.5	28.5	41.3	69.5	72.4	71.7	81.8	53.1	44.9	69.8
196	3	my	Burmese	39823	1659.9453177012165	53.0	51.0	86.2	62.8	81.6	41.2	12.1	20.8	63.6	73.5	49.9	65.5	50.5	42.3	86.0
197	3	sq	Albanian	74871	2582.3763971227927	52.5	48.2	90.3	58.0	77.0	47.3	11.2	18.8	85.6	85.9	17.1	28.2	64.8	51.0	69.4
198	3	kn	Kannada	23844	1159.2187022563849	58.4	56.7	87.4	62.6	68.9	55.7	20.7	31.9	63.2	67.9	67.5	77.8	56.1	44.2	90.8
199	3	he	Hebrew	231868	5697.293213710288	60.4	58.8	92.5	55.8	59.0	57.5	42.3	54.9	69.9	73.9	67.6	77.3	33.2	33.6	88.9
200	3	cy	Welsh	101472	3194.7902785368406	30.4	27.6	87.7	40.8	53.7	28.9	14.8	24.5	21.0	31.8	2.2	4.3	43.5	35.1	75.5
201	3	lv	Latvian	88189	2895.9435542059928	50.3	49.2	88.9	60.1	72.8	55.8	18.7	29.0	69.5	74.3	24.0	37.9	57.1	37.9	49.1
202	3	ja	Japanese	1124097	17201.354733083634	71.7	70.0	92.7	76.5	86.6	69.0	34.1	48.0	87.8	89.3	76.1	85.0	64.0	52.4	93.3
203	3	bn	Bangla	61294	2244.8771262505607	48.2	47.1	91.5	50.4	49.8	44.7	19.9	30.1	52.8	60.3	41.4	57.0	50.3	40.0	66.3
204	3	jv	Javanese	54964	2079.9592748739587	42.0	40.2	89.1	50.9	80.2	38.2	8.6	15.3	31.8	43.8	36.1	51.2	46.5	41.7	95.4
205	3	th	Thai	127010	3738.4066557136134	49.7	48.8	93.0	49.2	65.4	51.8	23.9	33.0	64.7	73.5	29.4	44.4	45.9	41.0	89.5
206	3	km	Khmer	6741	478.7480620730186	15.7	6.3	3.9	6.8	1.4	2.6	0.5	1.0	0.4	0.9	0.0	0.0	97.0	26.4	97.1
207	3	is	Icelandic	45873	1832.6941776121614	34.7	32.9	74.8	50.2	58.0	28.0	9.4	15.9	18.4	27.2	22.1	35.0	61.6	41.3	68.9
208	4	ru	Russian	1501878	21069.016291708875	80.5	80.0	94.4	81.1	96.5	81.4	72.1	80.1	89.5	87.4	73.9	84.1	67.6	65.9	0
209	4	en	English	5731625	53801.50665616637	65.8	64.0	96.6	64.3	89.8	87.9	6.5	12.0	82.3	88.1	62.4	76.7	82.9	54.8	60.3
210	4	pt	Portuguese	1007323	15930.086174949594	60.6	59.7	95.9	59.6	94.7	75.8	25.2	39.5	77.0	78.2	31.3	47.3	76.9	57.9	61.6
211	4	tl	Filipino	80992	2728.409081660485	55.7	51.3	93.0	49.3	63.6	40.6	0.5	1.0	71.5	79.0	49.4	65.8	77.1	72.3	91.9
212	4	nl	Dutch	1944129	25241.05801287733	62.5	61.6	94.9	56.3	76.7	72.3	33.7	48.4	88.5	87.5	30.6	46.6	74.0	58.4	64.6
213	4	id	Indonesian	440952	8934.575471457805	64.6	62.1	94.9	67.9	88.7	59.8	19.6	32.5	83.3	86.5	56.8	71.9	67.6	53.8	91.2
214	4	zh-TW	Chinese (Taiwan)	1025366	16129.289567758304	73.9	72.8	94.4	79.2	97.5	76.5	34.0	49.2	86.0	89.0	73.7	84.3	76.9	58.9	92.2
215	4	fi	Finnish	445606	9000.48103071153	48.6	43.9	92.3	54.5	72.8	44.3	7.5	13.7	76.3	78.4	13.2	23.0	64.0	49.3	88.9
216	4	fr	French	2046793	26166.868152131654	55.1	51.0	95.9	56.1	93.3	70.3	4.3	7.9	81.4	81.7	20.7	33.9	77.1	56.0	61.0
217	4	sv	Swedish	3763579	40079.35516912295	63.3	62.5	93.2	56.3	73.5	70.2	39.6	54.8	86.8	82.6	33.1	49.4	74.0	62.0	59.5
218	4	it	Italian	1466064	20716.05477596178	62.5	59.8	95.6	63.9	96.5	69.9	17.7	29.8	89.8	90.0	32.4	48.6	77.9	56.6	45.8
219	4	es	Spanish	1480965	20863.220900139917	57.4	56.1	95.9	54.7	96.5	72.5	22.0	35.8	81.7	84.5	27.2	42.3	58.1	46.8	51.7
220	4	hu	Hungarian	437984	8892.436485412938	53.9	50.4	95.2	55.7	75.6	69.6	6.2	11.3	82.4	75.7	22.5	36.4	73.4	53.9	87.2
221	4	da	Danish	240436	5843.857885715987	58.0	56.0	96.6	60.8	55.1	56.6	35.9	51.3	81.0	70.9	23.7	38.1	73.6	58.5	66.2
222	4	sl	Slovenian	162453	4441.292895433814	65.0	63.6	92.5	64.0	80.2	61.8	40.2	56.2	88.3	85.0	43.5	60.0	63.6	54.4	4.2
223	4	fa	Persian	643750	11643.996586055895	61.8	60.7	95.6	61.4	81.6	74.3	16.4	27.7	77.7	80.5	58.7	73.6	62.2	46.4	72.4
224	4	ml	Malayalam	59305	2193.6327290113036	48.5	45.9	85.0	65.2	54.8	43.8	2.7	5.2	45.9	51.6	54.3	69.4	67.2	39.9	96.7
225	4	pl	Polish	1303297	19077.89160410566	60.5	58.2	93.7	65.8	60.4	52.2	23.1	33.4	82.2	81.0	51.6	67.6	62.8	49.4	5.1
226	4	de	German	2227483	27763.235613104658	47.7	44.6	95.4	46.0	59.0	57.4	4.0	7.5	63.9	72.4	18.1	30.4	77.7	53.8	64.5
227	4	ur	Urdu	140939	4020.886646589358	53.6	52.7	88.6	48.1	49.5	53.5	17.4	28.5	52.7	64.4	56.0	71.1	70.6	50.3	66.7
228	4	ta	Tamil	118119	3553.2341961723664	48.2	44.6	91.8	63.5	59.0	49.5	10.8	18.7	77.6	66.9	16.7	28.1	57.7	40.7	94.7
229	4	ar	Arabic	619692	11337.652004613721	54.5	53.3	92.5	58.9	74.6	61.4	16.3	26.0	68.8	71.7	43.8	60.4	55.3	41.4	86.5
230	4	af	Afrikaans	62963	2287.493079706232	50.0	46.9	94.9	43.6	68.9	58.2	4.9	9.1	80.0	82.4	21.4	34.9	58.6	53.3	64.8
231	4	ms	Malay	320631	7148.3178746845315	64.5	62.1	94.4	68.2	87.6	61.8	18.2	30.4	80.1	84.3	59.0	73.5	70.8	54.1	-
232	4	ca	Catalan	591783	10977.760196118565	53.5	49.5	96.6	57.2	88.7	57.8	11.3	20.3	85.5	85.4	19.8	32.7	55.3	43.9	60.3
233	4	ko	Korean	429369	8769.634230898475	55.5	54.2	95.4	54.2	79.9	72.9	11.0	18.1	75.3	81.9	29.9	45.7	74.4	52.2	89.5
234	4	ka	Georgian	124694	3690.5567651731817	33.5	31.6	94.2	46.5	55.1	33.0	11.8	16.9	29.6	37.8	20.7	33.6	22.3	22.1	96.0
235	4	zh	Chinese	1025366	16129.289567758304	72.5	71.1	94.7	79.8	96.5	75.2	27.6	41.7	88.5	90.3	70.2	81.4	78.1	58.3	92.2
236	4	el	Greek	153855	4275.413558775179	45.4	42.4	94.9	45.6	59.0	43.1	4.3	8.1	49.1	61.2	26.2	40.9	71.2	55.3	75.3
237	4	ro	Romanian	388896	8182.451378862378	54.9	50.6	93.2	53.7	80.6	49.3	4.0	7.5	78.1	81.7	31.6	47.6	74.4	63.6	55.0
238	4	nb	Norwegian Bokmål	495395	9693.176779637484	59.9	58.6	96.4	54.5	67.8	66.0	36.4	51.0	85.3	85.3	22.8	36.8	73.4	58.0	67.2
239	4	hy	Armenian	246571	5947.841647504996	43.6	41.8	93.9	45.6	54.4	41.9	14.2	23.2	44.9	52.8	20.6	33.7	65.0	53.3	77.8
240	4	az	Azerbaijani	138538	3972.8140633080093	59.0	57.7	96.1	65.0	83.4	58.3	22.8	36.0	60.0	64.4	52.4	68.5	68.2	54.2	87.7
241	4	vi	Vietnamese	1190187	17903.19910696157	60.2	59.2	93.2	52.4	92.9	77.8	18.5	30.8	81.3	86.7	32.4	48.7	78.1	58.9	95.0
242	4	am	Amharic	14375	813.4399490826034	13.5	5.5	99.8	22.7	0.7	1.4	0.0	0.0	0.1	0.3	0.0	0.0	4.6	8.7	86.6
243	4	mn	Mongolian	18353	965.1502893781166	33.4	29.3	94.4	55.4	59.7	25.3	1.4	2.8	29.9	40.7	5.6	10.6	53.9	41.1	86.2
244	4	te	Telugu	69354	2447.6541908977074	53.1	48.8	92.7	53.9	38.2	40.0	7.8	14.0	68.3	67.2	62.3	75.5	51.1	41.9	96.7
245	4	tr	Turkish	316969	7091.069677157644	60.9	58.2	95.2	59.1	79.2	61.9	12.9	22.1	80.4	83.1	49.7	65.9	72.0	57.1	86.2
246	4	sw	Swahili	45806	1830.820042504627	30.2	27.2	87.4	30.3	39.9	29.0	0.5	1.0	34.7	50.2	0.5	1.1	51.9	51.5	95.1
247	4	hi	Hindi	127044	3739.1071557224855	61.2	59.6	92.5	65.3	77.0	59.6	21.7	33.9	70.4	74.4	63.1	76.9	60.6	47.3	69.8
248	4	my	Burmese	39823	1659.9453177012165	50.3	46.3	88.1	61.2	65.7	42.0	0.8	1.6	68.2	74.9	37.9	54.7	65.8	43.5	86.0
249	4	sq	Albanian	74871	2582.3763971227927	51.1	45.1	95.4	51.1	77.0	43.6	3.2	6.1	87.2	89.2	10.8	19.4	68.6	61.3	69.4
250	4	kn	Kannada	23844	1159.2187022563849	55.5	53.0	89.8	58.9	59.7	53.7	10.7	18.7	65.6	68.4	58.8	73.3	62.2	44.8	90.8
251	4	he	Hebrew	231868	5697.293213710288	55.4	53.5	93.0	53.9	66.1	60.4	12.6	21.9	71.1	74.5	55.1	70.3	50.3	39.9	88.9
252	4	cy	Welsh	101472	3194.7902785368406	27.8	23.7	92.0	34.7	50.5	37.6	0.5	0.9	19.6	30.9	0.5	1.1	47.7	36.7	75.5
253	4	lv	Latvian	88189	2895.9435542059928	46.4	43.1	93.5	52.2	66.4	52.4	12.0	20.3	70.8	69.0	13.7	24.0	52.9	40.7	49.1
254	4	ja	Japanese	1124097	17201.354733083634	65.4	61.1	94.4	74.2	79.5	67.2	2.2	4.3	84.9	88.4	73.8	83.9	73.0	48.5	93.3
255	4	bn	Bangla	61294	2244.8771262505607	44.5	41.9	93.0	49.4	45.6	44.4	10.0	17.5	56.1	58.8	23.7	38.0	61.0	43.5	66.3
256	4	jv	Javanese	54964	2079.9592748739587	37.4	35.1	92.3	41.1	76.3	38.2	4.5	8.5	30.2	43.3	18.8	31.2	48.3	48.2	95.4
257	4	th	Thai	127010	3738.4066557136134	42.3	38.4	94.2	47.0	51.2	47.2	6.9	11.9	69.4	68.7	10.4	18.9	47.7	36.9	89.5
258	4	km	Khmer	6741	478.7480620730186	13.0	4.8	98.1	22.5	1.1	1.9	0.0	0.0	0.6	1.1	0.0	0.0	1.8	3.5	97.1
259	4	is	Icelandic	45873	1832.6941776121614	29.2	24.9	83.8	38.8	51.6	34.7	1.4	2.8	16.4	24.0	5.2	9.9	59.0	39.0	68.9
260	5	ru	Russian	1501878	21069.016291708875	79.8	78.8	93.0	81.2	97.2	76.9	76.1	82.8	88.9	85.0	75.6	84.6	57.3	62.1	0
261	5	en	English	5731625	53801.50665616637	74.7	75.1	96.4	69.6	92.2	90.0	43.1	56.7	86.0	88.9	66.7	79.8	82.3	65.5	60.3
262	5	pt	Portuguese	1007323	15930.086174949594	65.6	65.3	96.4	62.7	92.6	76.9	33.5	49.3	77.0	78.6	46.6	62.9	76.9	61.5	61.6
263	5	tl	Filipino	80992	2728.409081660485	57.6	53.6	86.4	54.3	83.4	41.9	1.8	3.4	68.6	77.8	53.4	69.3	79.9	75.0	91.9
264	5	nl	Dutch	1944129	25241.05801287733	68.3	68.0	94.7	60.6	79.2	75.7	51.5	65.3	89.1	87.2	40.2	56.8	73.4	62.7	64.6
265	5	id	Indonesian	440952	8934.575471457805	68.3	66.9	93.7	73.7	92.9	60.5	36.0	52.4	83.3	85.1	55.8	70.9	71.0	58.9	91.2
266	5	zh-TW	Chinese (Taiwan)	1025366	16129.289567758304	75.0	74.4	92.7	83.6	98.2	78.6	36.7	50.9	88.5	89.6	74.6	84.9	76.9	58.5	92.2
267	5	fi	Finnish	445606	9000.48103071153	53.9	52.0	91.8	53.7	74.6	52.1	21.2	33.3	73.1	75.9	32.8	47.8	55.9	49.2	88.9
268	5	fr	French	2046793	26166.868152131654	62.5	61.2	97.3	55.6	92.2	76.9	21.5	33.8	84.5	86.3	34.0	50.0	79.1	64.9	61.0
269	5	sv	Swedish	3763579	40079.35516912295	68.6	68.2	93.7	61.0	75.3	72.2	50.2	64.4	87.8	85.9	47.7	63.6	71.2	62.3	59.5
270	5	it	Italian	1466064	20716.05477596178	68.9	67.6	95.9	65.0	96.8	72.2	39.1	55.4	92.1	91.8	42.2	58.7	74.6	62.8	45.8
271	5	es	Spanish	1480965	20863.220900139917	66.6	65.8	94.9	63.5	97.5	71.7	44.3	59.8	85.8	84.1	46.0	61.8	57.1	54.0	51.7
272	5	hu	Hungarian	437984	8892.436485412938	60.1	58.2	95.6	57.4	75.6	73.5	14.0	23.7	84.9	79.9	42.8	58.6	70.4	56.2	87.2
273	5	da	Danish	240436	5843.857885715987	66.2	65.6	96.6	62.8	60.8	65.5	49.4	64.7	80.7	77.4	43.2	59.7	78.5	63.4	66.2
274	5	sl	Slovenian	162453	4441.292895433814	66.3	64.7	93.5	65.7	80.9	63.0	34.6	49.7	87.9	87.1	55.3	70.3	61.6	52.6	4.2
275	5	fa	Persian	643750	11643.996586055895	65.4	64.5	93.5	65.8	85.2	71.6	29.8	44.8	78.0	79.8	66.7	79.3	55.9	45.5	72.4
276	5	ml	Malayalam	59305	2193.6327290113036	48.2	46.2	89.1	62.1	59.0	46.4	6.1	11.2	38.7	50.1	48.7	65.1	74.0	42.4	96.7
277	5	pl	Polish	1303297	19077.89160410566	61.1	59.1	94.2	60.1	62.5	60.0	21.4	32.5	82.3	82.8	55.1	70.1	62.0	49.2	5.1
278	5	de	German	2227483	27763.235613104658	49.6	48.3	95.9	44.0	50.2	62.0	8.5	15.1	63.0	73.4	23.6	37.8	81.9	57.2	64.5
279	5	ur	Urdu	140939	4020.886646589358	56.8	56.6	90.3	50.5	49.8	56.7	29.2	43.1	47.3	60.7	61.3	75.4	74.6	53.2	66.7
280	5	ta	Tamil	118119	3553.2341961723664	51.0	49.0	92.0	58.8	62.2	56.8	21.2	33.2	75.4	69.5	20.0	32.8	59.2	42.8	94.7
281	5	ar	Arabic	619692	11337.652004613721	57.5	57.0	91.8	56.3	72.8	65.4	22.8	34.1	67.9	74.5	54.2	68.8	54.1	42.8	86.5
282	5	af	Afrikaans	62963	2287.493079706232	52.8	50.4	95.6	45.6	68.9	66.0	5.6	10.4	80.7	82.7	30.6	46.2	61.0	51.7	64.8
283	5	ms	Malay	320631	7148.3178746845315	66.2	64.7	93.5	71.9	89.4	59.3	30.3	45.8	80.3	84.0	57.8	72.6	68.6	54.8	-
284	5	ca	Catalan	591783	10977.760196118565	58.4	56.4	96.6	56.6	87.6	61.8	28.1	43.2	86.8	85.4	29.9	45.5	50.3	45.9	60.3
285	5	ko	Korean	429369	8769.634230898475	61.3	60.3	93.5	64.9	79.5	68.8	21.5	30.3	81.4	84.7	45.1	61.2	70.0	51.9	89.5
286	5	ka	Georgian	124694	3690.5567651731817	33.6	33.2	96.1	35.7	40.3	40.6	17.7	28.4	29.1	36.8	23.7	37.3	18.5	20.5	96.0
287	5	zh	Chinese	1025366	16129.289567758304	72.9	72.2	93.2	81.0	97.2	81.2	29.5	42.0	89.4	90.3	69.4	80.9	78.9	58.0	92.2
288	5	el	Greek	153855	4275.413558775179	45.9	44.7	96.1	40.2	51.2	45.6	8.3	15.1	43.9	57.2	33.9	49.4	68.8	61.0	75.3
289	5	ro	Romanian	388896	8182.451378862378	56.5	52.6	92.0	51.1	79.9	54.1	5.9	10.9	80.7	82.9	33.3	49.2	77.5	67.2	55.0
290	5	nb	Norwegian Bokmål	495395	9693.176779637484	63.2	62.7	95.6	56.2	68.2	70.3	43.5	59.2	85.6	84.5	29.8	45.1	75.9	60.9	67.2
291	5	hy	Armenian	246571	5947.841647504996	48.8	48.4	94.7	44.9	49.1	46.4	30.5	44.8	47.9	55.7	24.8	38.7	70.0	59.7	77.8
292	5	az	Azerbaijani	138538	3972.8140633080093	60.5	59.9	95.9	61.6	82.3	67.5	25.5	39.4	59.1	64.9	58.2	73.2	67.8	52.8	87.7
293	5	vi	Vietnamese	1190187	17903.19910696157	64.5	63.9	93.9	55.7	93.6	76.7	32.4	47.7	83.7	88.1	34.0	50.4	81.5	64.9	95.0
294	5	am	Amharic	14375	813.4399490826034	12.9	5.9	93.7	22.1	2.8	3.9	0.2	0.3	0.1	0.3	0.0	0.0	4.6	8.8	86.6
295	5	mn	Mongolian	18353	965.1502893781166	36.4	33.5	91.8	58.1	55.1	23.9	7.7	13.8	30.1	41.8	9.6	17.3	64.0	46.3	86.2
296	5	te	Telugu	69354	2447.6541908977074	53.3	49.8	93.9	51.3	39.2	42.4	8.9	16.0	62.3	68.4	61.0	74.7	59.8	46.0	96.7
297	5	tr	Turkish	316969	7091.069677157644	63.4	61.6	95.9	56.9	75.6	64.8	20.1	33.1	76.8	82.3	54.6	70.0	78.1	62.6	86.2
298	5	sw	Swahili	45806	1830.820042504627	31.4	28.9	90.3	30.8	39.6	34.3	1.6	3.1	35.8	50.9	2.1	4.0	52.5	50.2	95.1
299	5	hi	Hindi	127044	3739.1071557224855	60.3	59.1	92.0	62.7	74.6	62.5	20.7	32.7	66.3	72.5	63.4	77.3	62.8	46.6	69.8
300	5	my	Burmese	39823	1659.9453177012165	49.4	45.7	88.9	53.6	61.1	45.5	2.6	5.0	66.8	73.1	35.1	51.9	66.0	45.0	86.0
301	5	sq	Albanian	74871	2582.3763971227927	51.2	46.9	94.9	43.3	72.1	56.2	4.0	7.5	86.8	88.5	12.9	22.6	69.2	63.4	69.4
302	5	kn	Kannada	23844	1159.2187022563849	55.2	52.7	90.1	55.6	54.1	50.4	12.3	21.3	62.6	67.9	58.6	73.2	65.8	47.7	90.8
303	5	he	Hebrew	231868	5697.293213710288	57.7	56.2	93.7	54.5	62.5	59.6	21.4	33.9	71.7	75.6	61.5	74.2	46.1	39.6	88.9
304	5	cy	Welsh	101472	3194.7902785368406	25.5	22.1	97.3	32.1	33.6	39.2	1.1	2.2	13.2	22.1	1.0	1.9	45.1	34.8	75.5
305	5	lv	Latvian	88189	2895.9435542059928	47.4	45.5	93.2	49.8	70.7	57.1	14.8	24.9	66.9	72.0	17.3	29.1	53.9	40.1	49.1
306	5	ja	Japanese	1124097	17201.354733083634	67.0	64.1	93.0	73.2	77.7	63.2	16.9	27.9	87.9	88.4	72.2	83.2	65.6	48.8	93.3
307	5	bn	Bangla	61294	2244.8771262505607	44.9	43.4	93.5	47.8	46.6	48.7	14.2	23.1	53.8	57.8	24.3	38.5	60.0	44.2	66.3
308	5	jv	Javanese	54964	2079.9592748739587	38.7	36.4	93.2	44.4	80.2	38.8	6.2	11.6	28.2	40.7	19.8	32.4	53.5	50.2	95.4
309	5	th	Thai	127010	3738.4066557136134	41.3	37.3	95.2	43.5	44.5	46.2	9.3	16.5	68.9	67.4	6.4	12.1	47.5	38.3	89.5
310	5	km	Khmer	6741	478.7480620730186	14.8	8.9	67.3	30.4	65.7	17.9	0.6	1.3	0.3	0.6	0.0	0.0	1.8	3.4	97.1
311	5	is	Icelandic	45873	1832.6941776121614	31.5	28.0	82.6	38.6	49.1	36.6	2.7	5.2	19.6	27.0	10.3	18.5	63.0	41.9	68.9
312	6	ru	Russian	1501878	21069.016291708875	81.4	80.8	93.0	81.1	97.2	81.5	71.6	79.8	89.8	90.9	76.1	85.0	71.2	66.7	0
313	6	en	English	5731625	53801.50665616637	69.7	69.9	94.7	69.4	90.5	89.0	24.6	37.8	81.3	87.5	65.0	78.3	84.7	57.3	60.3
314	6	pt	Portuguese	1007323	15930.086174949594	61.3	61.1	93.9	61.6	89.8	76.9	22.8	36.1	73.2	80.4	40.6	57.1	80.5	54.3	61.6
315	6	tl	Filipino	80992	2728.409081660485	55.9	51.4	86.9	56.8	69.3	39.6	1.6	3.1	67.3	77.5	52.0	68.1	80.7	63.1	91.9
316	6	nl	Dutch	1944129	25241.05801287733	58.7	57.7	93.0	59.6	80.2	74.7	17.9	29.2	82.6	87.2	30.2	45.9	77.7	49.8	64.6
317	6	id	Indonesian	440952	8934.575471457805	63.0	60.4	91.8	74.8	88.7	60.0	11.8	20.8	78.1	83.2	57.2	72.1	76.3	51.8	91.2
318	6	zh-TW	Chinese (Taiwan)	1025366	16129.289567758304	71.6	71.4	92.0	85.3	95.4	83.2	20.4	33.0	80.6	87.5	75.6	84.7	87.3	54.6	92.2
319	6	fi	Finnish	445606	9000.48103071153	51.8	48.1	88.4	63.5	66.4	48.1	7.5	13.7	74.5	78.8	23.0	36.3	79.1	48.2	88.9
320	6	fr	French	2046793	26166.868152131654	61.6	61.0	95.4	61.2	88.7	78.8	24.7	36.6	79.4	85.2	30.2	45.8	85.7	58.3	61.0
321	6	sv	Swedish	3763579	40079.35516912295	63.7	63.2	88.6	63.6	67.5	71.4	26.5	40.6	84.0	86.9	45.8	62.4	85.5	54.1	59.5
322	6	it	Italian	1466064	20716.05477596178	64.1	62.6	93.5	66.7	93.6	71.9	22.5	35.7	86.5	90.2	38.0	54.4	82.7	56.5	45.8
323	6	es	Spanish	1480965	20863.220900139917	60.5	60.0	92.5	62.1	94.3	73.0	24.6	38.1	79.9	85.0	38.3	54.7	65.8	47.1	51.7
324	6	hu	Hungarian	437984	8892.436485412938	58.4	56.9	92.3	66.7	81.3	71.9	11.2	19.6	79.4	79.9	38.4	54.7	77.1	48.3	87.2
325	6	da	Danish	240436	5843.857885715987	60.4	59.1	93.9	63.8	52.7	57.8	29.2	43.5	73.8	75.8	41.8	58.3	84.9	55.7	66.2
326	6	sl	Slovenian	162453	4441.292895433814	61.9	59.5	88.4	71.2	82.3	60.2	12.8	22.1	85.2	87.6	53.5	68.7	70.2	47.2	4.2
327	6	fa	Persian	643750	11643.996586055895	60.5	59.4	87.4	62.5	77.7	69.7	13.4	22.6	68.9	78.7	64.1	77.0	70.4	45.8	72.4
328	6	ml	Malayalam	59305	2193.6327290113036	47.8	46.0	81.1	69.1	48.4	41.5	9.6	16.4	23.6	36.6	61.0	71.2	82.5	41.4	96.7
329	6	pl	Polish	1303297	19077.89160410566	58.0	55.6	90.6	68.8	56.5	52.7	8.9	15.9	72.7	80.0	55.4	70.4	77.1	45.6	5.1
330	6	de	German	2227483	27763.235613104658	45.9	43.9	93.5	46.5	48.4	57.8	4.8	8.9	52.7	66.8	20.7	33.9	84.3	49.4	64.5
331	6	ur	Urdu	140939	4020.886646589358	56.6	55.6	78.0	58.2	50.2	53.2	20.1	31.8	53.4	65.8	64.2	76.7	81.9	47.7	66.7
332	6	ta	Tamil	118119	3553.2341961723664	52.9	51.5	89.6	68.6	55.5	47.5	23.9	35.1	71.4	76.4	23.5	37.1	74.8	44.4	94.7
333	6	ar	Arabic	619692	11337.652004613721	51.0	51.0	88.1	58.1	63.6	58.7	13.7	21.3	49.2	61.9	51.9	67.2	61.6	38.6	86.5
334	6	af	Afrikaans	62963	2287.493079706232	49.0	46.4	92.3	49.1	71.0	61.8	5.1	9.5	71.8	80.2	21.0	34.3	65.0	43.8	64.8
335	6	ms	Malay	320631	7148.3178746845315	62.5	60.3	90.1	72.6	83.7	62.4	11.0	19.5	73.1	81.5	60.6	74.5	80.3	51.0	-
336	6	ca	Catalan	591783	10977.760196118565	55.6	53.4	94.4	63.5	83.0	60.5	14.4	24.9	81.9	86.0	27.7	42.9	64.2	42.7	60.3
337	6	ko	Korean	429369	8769.634230898475	57.2	56.7	93.2	64.2	76.0	73.0	11.6	18.7	70.6	80.3	39.6	55.3	81.3	48.9	89.5
338	6	ka	Georgian	124694	3690.5567651731817	37.6	37.3	89.6	54.5	48.8	36.7	24.9	33.7	20.4	31.6	24.8	38.3	46.9	28.9	96.0
339	6	zh	Chinese	1025366	16129.289567758304	70.9	70.6	92.7	80.9	95.4	86.0	19.8	31.6	81.3	87.5	72.4	82.2	86.7	55.5	92.2
340	6	el	Greek	153855	4275.413558775179	43.9	41.4	94.4	47.6	61.1	42.5	8.1	14.8	29.6	44.6	31.8	46.5	75.1	52.4	75.3
341	6	ro	Romanian	388896	8182.451378862378	54.7	50.8	91.5	58.3	74.6	53.5	4.8	9.0	72.1	80.0	33.2	49.5	82.7	54.7	55.0
342	6	nb	Norwegian Bokmål	495395	9693.176779637484	58.2	57.5	91.0	59.5	66.8	67.5	25.4	38.6	76.7	82.2	29.1	44.6	84.1	52.5	67.2
343	6	hy	Armenian	246571	5947.841647504996	43.7	41.7	91.3	53.0	59.4	43.4	18.0	29.0	26.5	39.3	22.8	36.0	82.7	49.7	77.8
344	6	az	Azerbaijani	138538	3972.8140633080093	59.7	60.0	92.3	71.4	83.7	67.0	26.0	39.1	48.9	59.6	61.0	75.2	74.6	47.7	87.7
345	6	vi	Vietnamese	1190187	17903.19910696157	58.6	57.7	81.8	53.1	94.0	76.4	15.3	25.7	74.2	84.0	35.5	51.5	85.5	55.3	95.0
346	6	am	Amharic	14375	813.4399490826034	14.2	5.6	1.0	1.5	5.3	5.6	0.0	0.0	0.0	0.0	0.0	0.0	88.9	26.4	86.6
347	6	mn	Mongolian	18353	965.1502893781166	36.4	34.0	85.0	68.6	55.5	27.3	2.6	4.8	24.7	38.1	15.0	25.7	75.5	39.5	86.2
348	6	te	Telugu	69354	2447.6541908977074	56.3	53.1	86.7	60.7	49.8	47.7	8.8	15.6	60.6	70.6	67.6	78.3	72.0	45.8	96.7
349	6	tr	Turkish	316969	7091.069677157644	60.2	57.7	91.3	62.0	71.0	61.3	11.5	20.1	77.7	83.8	50.1	66.0	79.9	52.8	86.2
350	6	sw	Swahili	45806	1830.820042504627	33.8	29.4	83.3	38.4	51.2	34.0	0.6	1.3	36.7	51.2	3.8	7.3	64.4	44.3	95.1
351	6	hi	Hindi	127044	3739.1071557224855	62.5	61.2	88.9	73.9	83.4	63.9	16.6	26.9	67.1	75.1	67.4	79.4	73.0	48.3	69.8
352	6	my	Burmese	39823	1659.9453177012165	52.8	51.3	84.0	79.4	78.8	44.6	3.2	6.1	60.7	73.7	45.3	61.5	74.4	42.5	86.0
353	6	sq	Albanian	74871	2582.3763971227927	50.6	45.4	90.8	58.4	72.1	47.7	4.3	8.2	81.7	86.7	13.4	23.2	74.4	48.3	69.4
354	6	kn	Kannada	23844	1159.2187022563849	57.8	55.9	86.0	66.0	61.1	55.1	12.3	21.1	62.4	71.1	62.6	75.8	76.3	46.5	90.8
355	6	he	Hebrew	231868	5697.293213710288	55.5	54.6	91.3	53.8	50.9	52.3	23.3	36.2	62.9	73.2	58.2	71.9	54.5	40.0	88.9
356	6	cy	Welsh	101472	3194.7902785368406	27.5	22.0	87.9	41.8	48.8	32.9	0.3	0.6	11.8	20.6	1.1	2.2	60.0	34.1	75.5
357	6	lv	Latvian	88189	2895.9435542059928	49.6	48.5	90.1	63.5	69.6	56.5	17.2	28.3	63.3	72.6	16.9	28.6	74.0	41.2	49.1
358	6	ja	Japanese	1124097	17201.354733083634	68.2	65.9	91.0	76.2	79.5	69.1	15.2	25.1	84.3	88.3	76.1	85.3	75.5	51.2	93.3
359	6	bn	Bangla	61294	2244.8771262505607	49.0	47.9	89.8	62.4	50.2	51.2	10.0	17.3	50.8	60.0	39.2	54.9	75.1	41.5	66.3
360	6	jv	Javanese	54964	2079.9592748739587	37.8	34.2	90.6	48.1	79.9	40.7	1.4	2.8	25.3	38.2	19.5	31.9	60.2	43.6	95.4
361	6	th	Thai	127010	3738.4066557136134	46.3	43.8	89.8	63.5	64.0	44.9	11.0	17.5	64.3	69.4	15.9	26.9	64.2	40.6	89.5
362	6	km	Khmer	6741	478.7480620730186	9.9	6.1	3.6	6.6	79.9	18.1	0.6	1.3	0.0	0.0	0.0	0.0	15.5	10.4	97.1
363	6	is	Icelandic	45873	1832.6941776121614	31.2	27.8	71.2	43.0	47.7	33.5	5.3	9.3	12.7	20.4	12.6	22.2	74.4	38.7	68.9
364	7	ru	Russian	1501878	21069.016291708875	79.9	78.7	92.7	82.3	98.2	73.7	73.5	79.4	90.8	90.5	73.8	84.0	60.6	62.3	0
365	7	en	English	5731625	53801.50665616637	72.6	72.8	96.4	68.3	96.5	85.8	41.9	55.8	85.0	88.3	63.6	77.6	73.8	60.7	60.3
366	7	pt	Portuguese	1007323	15930.086174949594	65.1	65.0	93.5	64.4	95.8	74.5	41.5	55.0	76.7	79.6	41.4	58.0	72.6	58.5	61.6
367	7	tl	Filipino	80992	2728.409081660485	56.2	52.5	79.9	59.6	84.5	40.4	3.2	6.1	68.2	78.0	51.2	67.5	78.1	63.7	91.9
368	7	nl	Dutch	1944129	25241.05801287733	66.4	65.8	92.7	60.1	85.9	74.4	54.4	65.9	87.3	88.7	30.0	46.0	72.4	59.9	64.6
369	7	id	Indonesian	440952	8934.575471457805	64.8	63.1	91.8	78.5	93.6	55.7	22.5	36.0	81.9	84.5	55.3	70.8	69.6	53.1	91.2
370	7	zh-TW	Chinese (Taiwan)	1025366	16129.289567758304	80.0	79.4	92.7	86.4	98.2	75.0	70.7	77.2	88.6	88.9	71.6	82.9	70.8	66.0	92.2
371	7	fi	Finnish	445606	9000.48103071153	52.9	49.8	87.9	68.3	82.7	42.9	13.1	22.7	77.3	79.5	21.9	35.1	68.6	50.5	88.9
372	7	fr	French	2046793	26166.868152131654	62.4	61.1	94.4	63.2	93.6	67.9	34.0	47.1	81.9	83.9	30.5	46.3	73.4	58.2	61.0
373	7	sv	Swedish	3763579	40079.35516912295	65.0	64.1	89.8	64.6	77.4	70.1	39.1	54.1	86.2	84.0	36.5	53.3	81.9	58.8	59.5
374	7	it	Italian	1466064	20716.05477596178	67.2	65.6	93.2	69.5	97.5	63.7	42.6	56.7	90.6	90.6	35.9	52.5	72.4	60.9	45.8
375	7	es	Spanish	1480965	20863.220900139917	62.4	61.6	94.2	64.4	97.9	66.9	40.8	55.9	82.2	84.3	34.0	50.3	57.1	47.5	51.7
376	7	hu	Hungarian	437984	8892.436485412938	58.0	55.9	90.8	71.2	93.6	64.6	14.5	23.9	79.6	78.8	31.4	47.4	74.0	49.7	87.2
377	7	da	Danish	240436	5843.857885715987	64.1	63.3	94.2	67.6	65.4	62.4	52.8	65.3	78.1	74.2	33.3	49.7	78.3	60.3	66.2
378	7	sl	Slovenian	162453	4441.292895433814	65.7	64.5	89.1	76.2	89.4	55.4	38.0	51.3	87.2	87.4	53.4	69.0	55.7	47.5	4.2
379	7	fa	Persian	643750	11643.996586055895	59.1	57.7	90.3	69.1	89.0	56.9	20.7	32.8	75.0	80.7	44.2	60.9	64.0	46.1	72.4
380	7	ml	Malayalam	59305	2193.6327290113036	46.3	45.3	82.1	70.0	69.3	39.4	9.3	16.0	28.6	40.7	48.8	64.1	71.2	41.4	96.7
381	7	pl	Polish	1303297	19077.89160410566	64.1	62.4	91.5	72.9	75.3	53.8	30.8	43.6	82.2	80.5	57.3	71.9	62.0	51.6	5.1
382	7	de	German	2227483	27763.235613104658	47.3	45.9	93.2	49.3	65.4	66.8	10.2	17.3	63.0	73.6	13.0	22.9	74.2	45.8	64.5
383	7	ur	Urdu	140939	4020.886646589358	58.4	58.3	79.2	56.7	69.3	56.3	35.6	49.8	52.2	64.0	56.9	71.9	74.6	51.0	66.7
384	7	ta	Tamil	118119	3553.2341961723664	50.9	48.3	89.8	70.5	70.7	43.9	22.0	34.4	74.1	72.3	13.7	23.9	66.0	44.8	94.7
385	7	ar	Arabic	619692	11337.652004613721	54.0	53.1	88.4	65.2	81.3	54.0	18.8	28.7	64.2	70.5	44.3	60.9	54.1	39.3	86.5
386	7	af	Afrikaans	62963	2287.493079706232	49.3	46.0	92.7	50.1	73.1	56.2	8.1	14.4	77.0	82.7	17.0	28.8	60.2	44.1	64.8
387	7	ms	Malay	320631	7148.3178746845315	64.1	62.2	90.8	75.8	90.1	55.6	19.8	32.3	78.4	83.7	56.7	71.8	73.8	54.0	-
388	7	ca	Catalan	591783	10977.760196118565	58.5	56.5	95.2	63.8	89.0	56.4	33.8	47.6	85.2	85.9	25.7	40.5	52.9	45.0	60.3
389	7	ko	Korean	429369	8769.634230898475	57.1	56.2	93.7	64.5	86.6	65.7	21.9	28.2	75.5	82.7	28.7	44.2	70.4	51.6	89.5
390	7	ka	Georgian	124694	3690.5567651731817	36.4	35.8	89.6	58.5	78.1	31.4	20.4	29.8	23.7	33.5	24.6	38.7	23.9	22.8	96.0
391	7	zh	Chinese	1025366	16129.289567758304	78.2	78.1	92.3	84.9	97.5	79.7	64.3	71.8	89.4	88.3	68.4	80.3	72.0	63.6	92.2
392	7	el	Greek	153855	4275.413558775179	46.0	43.9	94.2	53.6	78.1	40.0	10.4	18.2	40.0	53.2	28.9	43.6	66.2	54.8	75.3
393	7	ro	Romanian	388896	8182.451378862378	55.8	52.3	91.5	57.5	81.3	50.0	8.3	14.8	73.7	80.9	35.1	51.4	77.1	59.5	55.0
394	7	nb	Norwegian Bokmål	495395	9693.176779637484	61.9	61.1	92.5	62.7	73.5	67.6	44.0	56.8	80.6	81.9	25.8	40.6	79.5	56.9	67.2
395	7	hy	Armenian	246571	5947.841647504996	43.4	41.9	91.3	55.7	74.2	37.6	25.0	36.1	32.1	42.8	16.0	27.1	65.4	52.3	77.8
396	7	az	Azerbaijani	138538	3972.8140633080093	61.8	61.7	91.8	76.3	90.5	56.2	38.0	51.2	60.6	66.0	52.1	68.1	66.6	52.4	87.7
397	7	vi	Vietnamese	1190187	17903.19910696157	62.3	61.4	84.7	56.0	95.4	72.3	31.9	46.0	82.9	87.1	32.4	48.7	78.3	58.6	95.0
398	7	am	Amharic	14375	813.4399490826034	10.7	5.9	44.1	16.0	0.7	1.4	0.2	0.3	0.1	0.3	0.0	0.0	32.6	17.4	86.6
399	7	mn	Mongolian	18353	965.1502893781166	33.9	31.1	85.2	73.0	67.8	24.9	1.0	1.9	21.3	33.7	5.3	10.0	73.2	43.3	86.2
400	7	te	Telugu	69354	2447.6541908977074	54.2	51.5	87.9	60.8	65.4	45.7	10.0	17.4	61.4	68.6	59.9	73.4	57.1	42.8	96.7
401	7	tr	Turkish	316969	7091.069677157644	60.6	58.4	92.3	67.4	82.3	55.4	17.9	28.6	77.0	80.9	48.1	64.6	71.2	53.5	86.2
402	7	sw	Swahili	45806	1830.820042504627	35.5	31.9	81.1	48.8	75.3	30.7	1.9	3.7	33.4	48.0	7.5	13.8	61.2	46.2	95.1
403	7	hi	Hindi	127044	3739.1071557224855	59.4	58.7	88.6	71.3	84.1	52.4	27.9	39.5	64.7	71.9	57.2	72.4	56.7	44.7	69.8
404	7	my	Burmese	39823	1659.9453177012165	49.7	47.7	84.5	71.4	81.6	37.8	4.8	9.1	60.9	72.1	35.5	52.2	64.4	43.8	86.0
405	7	sq	Albanian	74871	2582.3763971227927	51.2	46.0	91.5	59.1	79.5	44.1	6.7	12.1	85.5	87.5	12.8	22.2	66.2	50.7	69.4
406	7	kn	Kannada	23844	1159.2187022563849	54.4	52.2	86.9	63.2	72.8	45.2	12.8	21.3	63.7	69.5	52.4	68.0	59.4	45.6	90.8
407	7	he	Hebrew	231868	5697.293213710288	55.7	54.2	89.6	61.4	80.9	52.1	21.9	34.2	67.6	72.8	54.5	69.2	41.2	35.2	88.9
408	7	cy	Welsh	101472	3194.7902785368406	28.3	23.5	83.3	44.1	64.0	31.6	2.1	4.0	15.1	24.9	1.1	2.2	53.7	34.5	75.5
409	7	lv	Latvian	88189	2895.9435542059928	47.3	45.6	88.4	64.5	82.0	49.6	16.4	26.7	61.2	68.9	14.8	25.6	60.8	38.4	49.1
410	7	ja	Japanese	1124097	17201.354733083634	69.6	68.1	90.6	82.3	94.3	64.1	27.4	41.0	86.5	88.4	72.0	83.1	64.0	49.6	93.3
411	7	bn	Bangla	61294	2244.8771262505607	45.4	42.9	90.1	56.6	61.5	40.5	12.4	20.7	52.4	59.9	20.4	33.6	67.4	46.0	66.3
412	7	jv	Javanese	54964	2079.9592748739587	38.4	35.4	88.9	50.6	82.0	36.1	3.2	6.1	26.8	39.8	21.5	34.9	56.9	44.7	95.4
413	7	th	Thai	127010	3738.4066557136134	43.4	39.7	91.0	54.5	75.3	40.7	15.2	25.0	63.9	65.1	7.4	13.7	45.3	39.2	89.5
414	7	km	Khmer	6741	478.7480620730186	17.5	9.1	20.8	23.5	1.1	1.9	0.5	1.0	0.1	0.3	0.0	0.0	95.8	28.2	97.1
415	7	is	Icelandic	45873	1832.6941776121614	30.3	26.8	70.0	43.1	53.4	34.4	4.8	8.8	12.8	20.6	9.3	16.9	71.4	37.0	68.9
416	8	ru	Russian	1501878	21069.016291708875	80.9	80.0	93.0	80.2	96.5	80.4	78.1	79.9	88.5	90.6	76.3	84.7	61.8	64.4	0
417	8	en	English	5731625	53801.50665616637	73.1	73.9	96.1	63.4	89.4	88.5	54.7	64.4	82.7	88.4	63.9	77.3	67.6	61.6	60.3
418	8	pt	Portuguese	1007323	15930.086174949594	65.0	65.9	94.4	58.3	82.3	78.5	46.4	58.4	72.5	80.1	45.8	61.6	71.8	58.7	61.6
419	8	tl	Filipino	80992	2728.409081660485	56.0	52.8	90.8	46.9	60.8	43.2	5.6	10.4	65.5	76.2	53.4	68.7	78.7	71.5	91.9
420	8	nl	Dutch	1944129	25241.05801287733	65.0	64.8	93.5	56.3	69.3	71.1	55.8	66.6	85.9	88.0	31.6	47.6	70.6	59.0	64.6
421	8	id	Indonesian	440952	8934.575471457805	67.3	66.1	92.7	70.9	86.2	65.2	31.1	45.3	77.4	83.3	63.5	77.0	72.2	55.1	91.2
422	8	zh-TW	Chinese (Taiwan)	1025366	16129.289567758304	77.8	77.6	92.7	81.3	95.1	80.1	56.6	66.6	86.0	90.8	73.9	84.0	76.3	62.8	92.2
423	8	fi	Finnish	445606	9000.48103071153	50.6	49.6	92.0	47.2	65.7	54.0	21.4	34.1	61.3	71.8	22.8	35.5	70.6	54.7	88.9
424	8	fr	French	2046793	26166.868152131654	62.5	62.4	94.4	54.5	90.1	78.0	33.2	46.6	81.2	85.5	31.8	47.4	75.9	62.2	61.0
425	8	sv	Swedish	3763579	40079.35516912295	64.8	64.6	93.0	57.9	61.8	69.4	41.0	55.1	82.4	84.6	45.7	61.9	76.7	58.9	59.5
426	8	it	Italian	1466064	20716.05477596178	67.3	66.6	94.7	62.2	88.3	72.9	44.7	57.4	89.1	91.4	39.2	55.6	71.8	60.2	45.8
427	8	es	Spanish	1480965	20863.220900139917	64.9	65.3	94.4	56.4	91.5	79.2	49.0	60.8	82.2	86.8	40.5	56.8	56.7	51.9	51.7
428	8	hu	Hungarian	437984	8892.436485412938	57.6	57.1	93.2	56.9	66.8	68.7	19.5	29.7	70.8	77.1	40.7	57.0	77.5	53.4	87.2
429	8	da	Danish	240436	5843.857885715987	64.8	63.7	94.7	62.2	48.1	55.9	54.1	66.2	75.5	76.4	44.0	60.4	78.7	61.0	66.2
430	8	sl	Slovenian	162453	4441.292895433814	67.2	66.4	89.8	64.3	79.9	63.0	49.9	63.6	82.9	86.6	51.6	66.7	64.0	54.3	4.2
431	8	fa	Persian	643750	11643.996586055895	63.0	62.4	90.8	62.7	75.3	70.5	22.3	33.9	72.5	81.2	63.8	76.9	69.8	49.2	72.4
432	8	ml	Malayalam	59305	2193.6327290113036	48.8	47.1	85.5	67.9	43.8	36.8	15.6	24.6	26.8	39.7	57.9	69.6	80.3	43.6	96.7
433	8	pl	Polish	1303297	19077.89160410566	61.2	59.1	94.4	63.2	57.2	51.8	24.4	36.2	76.8	81.7	59.5	73.5	62.8	48.2	5.1
434	8	de	German	2227483	27763.235613104658	45.2	44.0	94.4	42.3	39.2	54.0	8.8	15.2	51.9	65.3	21.3	34.7	79.5	52.5	64.5
435	8	ur	Urdu	140939	4020.886646589358	55.4	54.0	83.3	50.7	34.3	43.7	30.1	42.7	45.8	60.8	62.0	75.1	79.9	51.2	66.7
436	8	ta	Tamil	118119	3553.2341961723664	52.7	50.7	90.8	65.6	48.4	44.8	25.4	35.9	72.4	76.1	22.5	35.4	74.6	46.4	94.7
437	8	ar	Arabic	619692	11337.652004613721	55.6	55.5	88.9	59.5	69.6	60.3	23.0	31.9	61.9	72.4	53.4	68.7	55.5	40.1	86.5
438	8	af	Afrikaans	62963	2287.493079706232	51.2	49.5	94.2	45.7	64.0	63.5	9.3	16.1	75.8	81.6	25.7	40.2	64.0	50.0	64.8
439	8	ms	Malay	320631	7148.3178746845315	66.7	65.5	92.7	68.9	79.5	66.2	27.1	40.9	76.5	83.8	65.2	77.8	76.3	55.1	-
440	8	ca	Catalan	591783	10977.760196118565	58.2	56.9	94.9	55.1	73.5	60.6	34.0	47.6	84.9	87.6	29.4	44.8	54.5	45.8	60.3
441	8	ko	Korean	429369	8769.634230898475	54.9	55.4	94.9	55.6	65.4	68.6	30.0	34.8	71.9	81.6	29.8	44.3	60.0	47.6	89.5
442	8	ka	Georgian	124694	3690.5567651731817	36.5	35.2	92.7	45.5	39.9	30.1	28.1	35.1	19.1	29.9	24.3	37.4	40.6	33.3	96.0
443	8	zh	Chinese	1025366	16129.289567758304	73.6	73.7	92.3	76.7	95.8	83.0	42.9	54.1	85.8	90.0	68.0	79.6	75.3	58.6	92.2
444	8	el	Greek	153855	4275.413558775179	45.2	44.7	94.9	41.0	42.8	41.4	21.1	32.4	32.2	46.7	32.4	46.9	72.6	59.6	75.3
445	8	ro	Romanian	388896	8182.451378862378	53.6	50.9	93.5	48.2	57.6	53.2	9.1	15.6	73.8	81.4	31.6	47.2	78.7	59.9	55.0
446	8	nb	Norwegian Bokmål	495395	9693.176779637484	62.2	61.6	92.0	57.8	60.8	64.7	48.3	59.4	79.9	83.7	30.6	46.2	77.3	57.8	67.2
447	8	hy	Armenian	246571	5947.841647504996	43.3	43.3	92.5	39.4	45.2	46.9	33.5	44.3	23.6	35.8	21.9	35.2	72.4	58.4	77.8
448	8	az	Azerbaijani	138538	3972.8140633080093	62.9	63.5	94.4	60.6	74.6	71.2	45.1	56.3	51.2	61.5	61.5	75.4	71.0	56.2	87.7
449	8	vi	Vietnamese	1190187	17903.19910696157	62.5	63.4	90.8	52.7	91.2	85.4	33.7	46.7	79.4	87.3	33.1	48.6	78.3	59.8	95.0
450	8	am	Amharic	14375	813.4399490826034	12.6	5.5	88.4	21.4	0.0	0.0	0.0	0.0	0.0	0.0	0.0	0.0	8.7	11.7	86.6
451	8	mn	Mongolian	18353	965.1502893781166	35.0	31.1	91.8	55.0	32.9	18.3	7.2	12.7	20.4	32.9	12.6	21.9	77.3	45.7	86.2
452	8	te	Telugu	69354	2447.6541908977074	54.4	50.9	88.1	55.8	33.9	36.6	13.6	22.2	59.3	68.4	66.3	77.5	65.4	45.1	96.7
453	8	tr	Turkish	316969	7091.069677157644	61.1	60.8	94.7	53.5	64.3	65.1	29.2	42.2	71.7	79.7	48.6	65.0	75.5	59.4	86.2
454	8	sw	Swahili	45806	1830.820042504627	32.6	29.2	90.3	33.3	33.6	30.2	3.5	6.7	30.2	45.7	3.8	7.2	66.2	52.0	95.1
455	8	hi	Hindi	127044	3739.1071557224855	61.7	60.8	89.1	69.6	71.0	57.8	26.0	36.2	62.2	72.2	68.9	80.2	67.8	48.7	69.8
456	8	my	Burmese	39823	1659.9453177012165	50.5	47.9	87.7	58.0	60.8	42.4	7.2	12.9	60.7	72.9	40.1	56.6	69.2	44.6	86.0
457	8	sq	Albanian	74871	2582.3763971227927	50.4	46.1	93.2	48.2	68.2	51.1	8.3	14.8	81.2	86.8	12.3	21.5	70.4	54.1	69.4
458	8	kn	Kannada	23844	1159.2187022563849	58.9	57.7	86.9	64.2	55.5	51.7	25.4	35.6	58.6	69.3	66.7	77.9	68.8	47.3	90.8
459	8	he	Hebrew	231868	5697.293213710288	57.8	56.8	91.0	55.0	54.1	54.4	26.2	39.0	65.3	75.2	60.5	72.4	57.9	44.6	88.9
460	8	cy	Welsh	101472	3194.7902785368406	28.4	23.9	92.3	36.0	29.0	30.9	5.3	9.7	13.8	23.4	1.6	3.2	64.0	39.9	75.5
461	8	lv	Latvian	88189	2895.9435542059928	48.6	47.5	90.6	53.8	61.1	53.0	20.4	30.4	60.6	70.8	20.2	33.1	67.4	43.9	49.1
462	8	ja	Japanese	1124097	17201.354733083634	71.2	69.6	92.3	71.1	72.4	64.6	44.2	55.5	86.3	89.7	73.5	83.4	62.6	53.7	93.3
463	8	bn	Bangla	61294	2244.8771262505607	47.1	45.5	91.5	51.4	33.9	41.1	17.7	27.2	46.5	57.7	33.6	49.0	75.5	46.4	66.3
464	8	jv	Javanese	54964	2079.9592748739587	37.1	34.6	93.7	40.1	59.4	41.9	3.7	6.9	22.3	34.7	23.6	37.2	60.0	46.7	95.4
465	8	th	Thai	127010	3738.4066557136134	47.5	46.3	93.5	48.9	46.6	46.6	30.3	36.8	62.0	71.6	17.7	29.9	54.9	43.9	89.5
466	8	km	Khmer	6741	478.7480620730186	20.9	11.4	60.5	34.4	0.7	1.4	0.3	0.6	0.4	0.9	0.0	0.0	84.5	31.3	97.1
467	8	is	Icelandic	45873	1832.6941776121614	32.4	29.8	79.2	41.3	49.5	35.6	10.5	17.0	15.1	23.6	12.5	21.7	64.6	39.7	68.9
468	9	ru	Russian	1501878	21069.016291708875	81.4	80.5	94.7	79.8	96.8	83.0	75.0	79.3	90.1	90.1	78.5	86.4	61.6	64.4	0
469	9	en	English	5731625	53801.50665616637	78.2	78.6	96.6	70.7	88.3	88.7	63.8	70.9	85.5	90.0	72.7	83.5	73.4	67.8	60.3
470	9	pt	Portuguese	1007323	15930.086174949594	71.6	72.3	94.9	63.8	87.3	83.3	55.5	65.7	77.6	83.1	59.0	73.2	74.0	65.0	61.6
471	9	tl	Filipino	80992	2728.409081660485	57.7	54.4	89.8	48.7	58.7	47.1	7.3	12.9	68.3	78.1	56.5	71.0	81.1	68.8	91.9
472	9	nl	Dutch	1944129	25241.05801287733	69.7	69.6	93.0	62.5	72.8	75.3	61.2	68.8	88.2	89.4	43.6	60.1	71.8	61.3	64.6
473	9	id	Indonesian	440952	8934.575471457805	71.3	70.5	93.7	69.4	84.1	71.3	43.1	58.1	78.8	83.5	68.9	80.8	73.8	60.2	91.2
474	9	zh-TW	Chinese (Taiwan)	1025366	16129.289567758304	79.4	79.2	93.2	84.4	96.1	82.5	54.9	65.2	85.9	90.2	81.5	88.3	77.3	64.4	92.2
475	9	fi	Finnish	445606	9000.48103071153	54.2	52.0	91.0	52.9	61.8	54.6	15.6	26.1	75.1	75.7	37.2	52.2	63.6	50.4	88.9
476	9	fr	French	2046793	26166.868152131654	66.4	66.5	95.4	59.2	87.3	80.2	40.2	51.5	85.2	86.9	41.0	56.9	74.2	64.2	61.0
477	9	sv	Swedish	3763579	40079.35516912295	66.9	66.5	91.8	59.1	61.5	69.7	42.6	56.3	84.6	86.1	52.1	66.8	77.1	61.0	59.5
478	9	it	Italian	1466064	20716.05477596178	71.4	71.1	95.6	64.9	88.3	76.9	52.8	64.3	88.8	91.1	48.3	64.3	74.4	64.9	45.8
479	9	es	Spanish	1480965	20863.220900139917	70.9	71.0	93.2	62.8	94.3	80.9	58.4	69.0	82.4	85.5	57.1	71.0	59.0	57.1	51.7
480	9	hu	Hungarian	437984	8892.436485412938	61.9	60.6	95.6	61.2	68.6	71.3	18.2	29.3	81.4	82.9	50.3	65.3	75.1	53.8	87.2
481	9	da	Danish	240436	5843.857885715987	65.0	63.7	95.9	61.2	43.1	55.1	52.2	63.6	74.0	76.4	49.5	65.1	77.9	61.0	66.2
482	9	sl	Slovenian	162453	4441.292895433814	65.5	64.7	94.4	64.8	69.6	67.6	34.1	46.3	83.5	86.1	59.7	73.5	62.2	49.5	4.2
483	9	fa	Persian	643750	11643.996586055895	64.5	63.7	89.8	63.2	73.9	73.3	23.3	35.4	73.8	80.1	71.9	81.6	66.4	48.8	72.4
484	9	ml	Malayalam	59305	2193.6327290113036	48.4	44.8	86.2	59.9	25.1	30.9	9.9	16.6	31.1	44.2	61.0	73.1	84.5	44.2	96.7
485	9	pl	Polish	1303297	19077.89160410566	63.3	61.0	93.5	57.9	42.0	50.2	35.1	48.5	80.0	82.4	65.2	77.4	59.6	49.6	5.1
486	9	de	German	2227483	27763.235613104658	53.6	52.5	94.9	50.1	48.1	59.0	13.6	22.8	63.3	74.8	39.5	55.3	80.3	53.2	64.5
487	9	ur	Urdu	140939	4020.886646589358	58.8	57.5	84.0	51.3	32.2	45.3	45.8	57.6	44.3	56.9	65.3	77.7	80.5	55.9	66.7
488	9	ta	Tamil	118119	3553.2341961723664	52.2	50.5	91.0	62.7	48.4	52.4	17.4	26.5	73.1	74.7	28.4	42.8	71.4	44.0	94.7
489	9	ar	Arabic	619692	11337.652004613721	54.5	54.8	91.5	56.4	57.6	63.3	25.7	33.0	57.7	67.0	57.8	70.8	49.1	38.5	86.5
490	9	af	Afrikaans	62963	2287.493079706232	54.7	53.5	93.5	49.0	58.3	62.6	14.0	22.2	78.6	83.9	37.0	53.1	64.2	50.1	64.8
491	9	ms	Malay	320631	7148.3178746845315	71.4	70.6	93.9	70.4	79.2	71.1	41.0	55.9	77.0	83.0	73.4	83.3	76.1	59.9	-
492	9	ca	Catalan	591783	10977.760196118565	63.5	62.9	95.2	56.5	73.1	66.6	47.7	59.6	85.0	86.4	41.2	57.5	54.3	50.9	60.3
493	9	ko	Korean	429369	8769.634230898475	60.9	61.6	94.7	63.0	67.5	74.0	27.6	33.3	75.0	83.0	48.8	63.9	69.4	52.2	89.5
494	9	ka	Georgian	124694	3690.5567651731817	39.7	38.4	94.2	42.4	24.0	28.6	31.7	39.7	25.2	37.0	30.0	44.4	47.7	38.2	96.0
495	9	zh	Chinese	1025366	16129.289567758304	76.4	76.4	93.5	79.2	95.1	83.3	51.8	61.1	85.2	89.1	73.8	83.2	74.0	62.3	92.2
496	9	el	Greek	153855	4275.413558775179	48.1	46.9	94.9	42.4	38.2	38.9	17.9	28.8	37.7	51.9	45.5	59.3	71.2	60.1	75.3
497	9	ro	Romanian	388896	8182.451378862378	56.7	54.4	94.7	49.3	58.3	58.2	11.0	18.2	76.3	81.8	40.3	56.4	78.3	62.7	55.0
498	9	nb	Norwegian Bokmål	495395	9693.176779637484	63.5	63.3	93.5	56.9	60.8	67.1	45.8	58.2	78.7	83.4	38.7	54.3	77.7	60.2	67.2
499	9	hy	Armenian	246571	5947.841647504996	45.5	43.8	94.2	41.5	20.1	28.8	29.8	40.6	36.3	46.8	30.0	45.1	75.1	59.7	77.8
500	9	az	Azerbaijani	138538	3972.8140633080093	66.8	66.9	95.6	65.7	72.8	73.6	42.3	54.0	67.3	72.0	68.4	80.5	67.4	55.6	87.7
501	9	vi	Vietnamese	1190187	17903.19910696157	65.1	66.3	93.2	53.8	92.9	87.1	37.5	51.9	79.6	86.7	38.5	54.7	79.3	63.3	95.0
502	9	am	Amharic	14375	813.4399490826034	10.8	5.0	11.6	7.6	0.7	1.4	0.2	0.3	0.0	0.0	0.0	0.0	60.4	20.8	86.6
503	9	mn	Mongolian	18353	965.1502893781166	39.1	35.2	93.9	51.1	23.3	19.3	7.7	13.4	38.6	51.8	19.9	32.2	71.0	43.3	86.2
504	9	te	Telugu	69354	2447.6541908977074	53.4	49.0	90.8	52.2	22.6	30.3	13.4	22.3	59.9	67.8	67.6	77.6	60.4	43.6	96.7
505	9	tr	Turkish	316969	7091.069677157644	65.3	64.3	95.2	58.9	60.8	66.7	30.5	42.1	79.6	83.3	63.1	76.6	70.4	58.3	86.2
506	9	sw	Swahili	45806	1830.820042504627	34.1	32.0	92.5	31.9	21.2	27.0	6.7	11.7	37.0	51.8	9.6	17.1	59.2	52.3	95.1
507	9	hi	Hindi	127044	3739.1071557224855	61.9	60.8	91.5	66.0	62.5	62.7	23.8	34.4	67.5	73.6	68.9	80.3	66.8	47.8	69.8
508	9	my	Burmese	39823	1659.9453177012165	52.6	49.5	88.6	55.4	51.2	48.3	5.7	10.5	68.5	75.4	48.4	64.4	66.4	43.4	86.0
509	9	sq	Albanian	74871	2582.3763971227927	51.5	48.8	94.2	44.5	48.4	52.8	13.6	22.5	83.0	86.7	18.9	31.0	69.4	55.5	69.4
510	9	kn	Kannada	23844	1159.2187022563849	56.7	54.5	88.1	58.7	45.6	51.7	15.8	25.6	60.0	65.9	65.8	77.6	70.4	47.5	90.8
511	9	he	Hebrew	231868	5697.293213710288	58.2	57.3	92.5	52.2	49.5	57.3	31.4	43.0	66.2	73.3	65.6	76.4	46.5	41.5	88.9
512	9	cy	Welsh	101472	3194.7902785368406	26.4	23.0	94.7	31.8	20.5	28.4	4.9	9.1	13.5	22.9	4.9	9.3	49.5	36.5	75.5
513	9	lv	Latvian	88189	2895.9435542059928	49.6	48.3	91.5	51.4	51.2	55.3	17.9	28.1	70.8	75.1	23.5	37.5	62.8	42.4	49.1
514	9	ja	Japanese	1124097	17201.354733083634	74.1	72.5	92.3	72.2	71.0	67.8	51.2	62.4	87.9	89.3	77.2	86.0	65.6	57.5	93.3
515	9	bn	Bangla	61294	2244.8771262505607	46.5	44.9	92.0	49.3	33.9	43.2	14.7	23.4	51.2	58.6	35.5	50.4	65.6	44.3	66.3
516	9	jv	Javanese	54964	2079.9592748739587	42.2	41.5	95.2	41.3	70.0	52.8	10.0	17.2	29.4	43.1	31.8	46.9	56.3	47.9	95.4
517	9	th	Thai	127010	3738.4066557136134	44.0	41.7	93.7	46.1	39.6	47.2	17.7	25.5	65.2	70.4	10.8	19.3	57.1	41.9	89.5
518	9	km	Khmer	6741	478.7480620730186	15.7	6.2	5.8	8.4	0.4	0.7	0.6	1.3	0.1	0.3	0.0	0.0	96.2	26.8	97.1
519	9	is	Icelandic	45873	1832.6941776121614	33.6	32.1	83.5	36.5	41.0	38.1	12.4	20.0	15.5	23.7	18.5	30.2	62.2	44.0	68.9
520	10	ru	Russian	1501878	21069.016291708875	80.4	79.2	93.2	81.5	97.5	77.1	74.3	80.6	88.8	89.7	78.5	83.9	58.8	62.7	0
521	10	en	English	5731625	53801.50665616637	74.8	74.4	97.1	70.1	94.0	86.4	39.7	54.7	86.0	89.3	74.2	84.2	74.4	62.0	60.3
522	10	pt	Portuguese	1007323	15930.086174949594	68.4	67.6	95.2	68.7	95.8	74.7	31.6	46.0	75.4	81.1	65.7	77.4	71.0	57.5	61.6
523	10	tl	Filipino	80992	2728.409081660485	58.2	54.7	87.7	56.2	83.4	41.0	3.7	7.0	68.2	78.0	58.3	72.5	74.2	73.2	91.9
524	10	nl	Dutch	1944129	25241.05801287733	69.3	68.8	93.9	64.8	79.9	72.8	50.4	63.9	88.8	88.7	47.2	63.1	72.0	59.7	64.6
525	10	id	Indonesian	440952	8934.575471457805	65.8	63.2	94.7	74.1	89.8	60.2	18.5	30.8	80.3	83.7	68.0	79.3	64.4	51.2	91.2
526	10	zh-TW	Chinese (Taiwan)	1025366	16129.289567758304	73.8	72.7	94.2	83.2	98.2	76.3	33.2	46.8	86.3	89.0	79.1	86.5	68.8	54.6	92.2
527	10	fi	Finnish	445606	9000.48103071153	53.6	50.8	90.3	56.5	76.7	48.4	11.5	20.4	70.6	77.9	37.6	51.5	62.6	50.1	88.9
528	10	fr	French	2046793	26166.868152131654	67.0	65.7	94.7	63.8	93.6	71.9	30.6	45.4	85.8	87.3	47.6	62.9	76.9	63.0	61.0
529	10	sv	Swedish	3763579	40079.35516912295	68.0	67.2	93.0	64.3	79.5	71.9	38.3	52.7	87.5	86.9	54.3	68.8	71.0	58.5	59.5
530	10	it	Italian	1466064	20716.05477596178	71.1	69.6	93.7	75.0	97.9	68.9	34.6	49.2	89.6	91.1	61.0	73.4	71.8	60.0	45.8
531	10	es	Spanish	1480965	20863.220900139917	65.7	64.8	95.4	61.3	97.9	74.7	33.2	48.5	84.7	87.0	54.0	68.3	53.9	48.9	51.7
532	10	hu	Hungarian	437984	8892.436485412938	60.7	58.5	93.5	62.6	83.0	68.4	13.4	23.0	77.4	77.6	51.2	65.4	71.0	53.9	87.2
533	10	da	Danish	240436	5843.857885715987	66.2	65.4	96.1	68.4	69.6	64.9	41.1	56.5	79.6	77.1	52.4	67.4	72.2	58.0	66.2
534	10	sl	Slovenian	162453	4441.292895433814	68.5	66.8	89.3	73.1	84.5	59.1	36.7	51.6	86.8	89.1	65.4	76.9	61.0	51.1	4.2
535	10	fa	Persian	643750	11643.996586055895	63.9	61.5	92.0	71.0	88.7	65.4	14.0	24.2	75.1	81.1	73.3	82.9	59.8	44.0	72.4
536	10	ml	Malayalam	59305	2193.6327290113036	49.1	46.3	86.4	65.0	67.1	43.8	5.9	10.9	28.6	42.6	61.9	72.6	72.2	43.1	96.7
537	10	pl	Polish	1303297	19077.89160410566	62.8	59.6	93.9	67.8	69.6	56.4	14.7	24.3	78.7	81.7	69.3	79.2	62.0	48.4	5.1
538	10	de	German	2227483	27763.235613104658	52.1	50.4	95.2	50.7	66.4	64.3	7.5	13.6	62.2	72.8	32.4	47.8	79.3	53.0	64.5
539	10	ur	Urdu	140939	4020.886646589358	57.4	56.7	78.5	53.9	72.8	60.1	24.7	38.5	45.9	59.5	66.9	77.8	74.4	50.3	66.7
540	10	ta	Tamil	118119	3553.2341961723664	51.0	48.7	89.6	62.3	66.8	44.5	17.1	27.5	72.9	75.4	27.4	41.1	56.3	41.4	94.7
541	10	ar	Arabic	619692	11337.652004613721	58.2	56.1	91.5	63.0	80.2	61.9	13.1	22.2	64.0	72.8	67.4	76.4	53.3	40.6	86.5
542	10	af	Afrikaans	62963	2287.493079706232	55.5	52.6	93.5	52.4	74.2	58.0	8.1	14.4	78.8	84.7	41.6	57.3	60.8	49.0	64.8
543	10	ms	Malay	320631	7148.3178746845315	66.8	64.0	93.7	73.9	87.6	62.5	16.7	28.4	77.0	82.8	74.5	83.2	70.0	53.1	-
544	10	ca	Catalan	591783	10977.760196118565	61.2	59.3	96.4	63.3	88.7	59.3	28.2	42.2	85.2	87.1	43.8	59.3	49.9	44.6	60.3
545	10	ko	Korean	429369	8769.634230898475	64.3	62.8	93.7	71.9	86.9	67.6	19.8	29.2	79.3	83.8	61.2	73.3	67.0	51.2	89.5
546	10	ka	Georgian	124694	3690.5567651731817	38.7	36.7	93.7	45.4	64.3	35.2	17.2	26.8	21.6	33.2	43.6	54.5	22.1	25.2	96.0
547	10	zh	Chinese	1025366	16129.289567758304	72.3	71.3	93.5	81.8	97.5	76.6	29.7	41.8	86.3	89.5	75.2	83.8	70.4	54.5	92.2
548	10	el	Greek	153855	4275.413558775179	50.6	48.7	93.7	53.3	74.6	44.3	15.0	25.4	35.0	50.0	52.0	63.0	65.8	55.9	75.3
549	10	ro	Romanian	388896	8182.451378862378	58.4	54.8	93.0	55.0	80.2	51.8	7.3	13.3	76.8	84.2	46.9	62.2	72.6	62.5	55.0
550	10	nb	Norwegian Bokmål	495395	9693.176779637484	64.3	63.5	95.6	63.7	76.3	68.2	36.0	50.4	83.5	84.5	41.8	57.2	73.2	56.9	67.2
551	10	hy	Armenian	246571	5947.841647504996	49.8	49.0	92.7	53.4	74.2	43.9	29.3	41.4	33.5	47.4	35.0	48.9	70.2	59.0	77.8
552	10	az	Azerbaijani	138538	3972.8140633080093	62.9	61.8	94.7	64.1	84.5	62.2	30.8	44.7	56.1	66.3	69.0	79.0	65.0	54.4	87.7
553	10	vi	Vietnamese	1190187	17903.19910696157	63.9	62.7	92.7	58.1	95.4	70.4	27.3	42.1	83.2	88.9	39.5	55.2	77.3	61.6	95.0
554	10	am	Amharic	14375	813.4399490826034	13.5	5.5	100.0	22.8	0.4	0.7	0.2	0.3	0.1	0.3	0.0	0.0	4.6	8.7	86.6
555	10	mn	Mongolian	18353	965.1502893781166	35.9	33.3	91.8	61.8	68.6	25.5	3.7	6.9	21.7	34.5	14.3	23.6	63.0	47.3	86.2
556	10	te	Telugu	69354	2447.6541908977074	54.9	51.2	92.5	54.1	56.5	45.5	7.7	13.8	57.4	69.0	69.3	77.8	57.5	46.8	96.7
557	10	tr	Turkish	316969	7091.069677157644	62.0	58.8	93.9	59.9	76.3	55.5	12.9	22.2	75.1	82.5	61.9	74.5	71.0	58.5	86.2
558	10	sw	Swahili	45806	1830.820042504627	35.5	32.4	89.3	38.9	61.1	34.3	1.9	3.7	33.5	48.6	10.2	17.1	58.1	51.9	95.1
559	10	hi	Hindi	127044	3739.1071557224855	60.5	58.3	90.3	69.6	79.5	53.8	16.6	26.9	64.2	72.5	70.4	80.2	60.8	46.6	69.8
560	10	my	Burmese	39823	1659.9453177012165	51.6	48.3	87.7	63.2	82.0	40.0	2.2	4.4	58.0	70.4	51.9	67.0	57.1	44.8	86.0
561	10	sq	Albanian	74871	2582.3763971227927	52.0	47.2	94.7	53.0	79.9	44.1	4.6	8.7	83.5	88.5	17.1	27.8	67.8	61.0	69.4
562	10	kn	Kannada	23844	1159.2187022563849	57.7	54.6	87.7	59.8	71.0	53.0	9.3	16.3	61.7	71.5	67.8	78.0	66.0	48.9	90.8
563	10	he	Hebrew	231868	5697.293213710288	58.4	55.5	91.0	57.9	69.6	57.2	14.0	24.1	71.2	76.6	68.9	77.4	47.3	39.8	88.9
564	10	cy	Welsh	101472	3194.7902785368406	27.6	22.9	92.3	37.5	51.6	32.6	1.6	3.1	10.9	19.1	4.0	7.6	50.9	37.3	75.5
565	10	lv	Latvian	88189	2895.9435542059928	52.2	50.8	90.6	59.2	78.4	53.7	16.6	27.6	62.4	71.0	34.3	49.5	62.0	43.7	49.1
566	10	ja	Japanese	1124097	17201.354733083634	68.3	65.1	91.3	76.7	88.3	68.7	12.3	21.2	86.2	88.5	79.0	86.2	67.6	49.4	93.3
567	10	bn	Bangla	61294	2244.8771262505607	48.7	46.5	91.8	50.4	55.5	46.2	9.6	16.8	51.5	61.7	44.0	57.9	61.4	46.2	66.3
568	10	jv	Javanese	54964	2079.9592748739587	40.3	37.6	94.7	45.6	73.5	37.1	3.2	6.1	24.5	37.1	37.7	52.0	48.9	47.5	95.4
569	10	th	Thai	127010	3738.4066557136134	46.2	43.6	94.7	47.5	56.5	45.3	9.7	17.6	64.5	68.0	29.9	44.3	44.7	39.0	89.5
570	10	km	Khmer	6741	478.7480620730186	13.0	4.7	98.8	22.6	0.7	1.4	0.5	1.0	0.0	0.0	0.0	0.0	1.8	3.4	97.1
571	10	is	Icelandic	45873	1832.6941776121614	33.9	31.2	74.6	42.3	62.5	31.5	6.2	11.2	16.7	26.2	18.9	30.4	64.8	45.3	68.9
572	11	ru	Russian	1501878	21069.016291708875	80.9	79.6	93.0	83.4	98.2	70.2	76.6	82.4	87.6	90.2	76.7	85.7	63.4	66.0	0
573	11	en	English	5731625	53801.50665616637	73.2	72.2	95.6	74.7	93.6	79.0	32.2	46.9	85.9	89.9	70.4	82.2	80.7	60.7	60.3
574	11	pt	Portuguese	1007323	15930.086174949594	69.1	68.4	93.0	70.8	94.7	67.1	43.2	58.2	76.4	81.9	59.8	73.5	70.4	58.8	61.6
575	11	tl	Filipino	80992	2728.409081660485	57.1	54.8	77.2	67.5	90.1	34.7	3.5	6.7	67.6	78.3	53.8	69.4	79.1	72.3	91.9
576	11	nl	Dutch	1944129	25241.05801287733	68.0	66.8	93.9	69.1	90.5	63.8	51.0	63.6	88.1	89.4	38.0	54.4	71.0	60.3	64.6
577	11	id	Indonesian	440952	8934.575471457805	66.0	65.3	90.1	82.5	95.4	50.2	32.7	48.2	79.4	84.9	57.2	72.0	65.4	54.2	91.2
578	11	zh-TW	Chinese (Taiwan)	1025366	16129.289567758304	75.8	74.9	92.0	84.3	98.9	72.9	44.2	58.1	88.8	90.3	76.7	85.7	69.6	58.0	92.2
579	11	fi	Finnish	445606	9000.48103071153	54.4	53.2	88.9	73.2	92.9	40.6	23.9	37.2	74.5	76.9	26.6	40.8	54.9	50.3	88.9
580	11	fr	French	2046793	26166.868152131654	65.4	63.9	93.2	67.2	95.4	63.1	34.6	48.3	84.3	86.4	41.3	57.5	72.8	61.0	61.0
581	11	sv	Swedish	3763579	40079.35516912295	68.8	67.6	90.3	71.6	88.3	63.7	39.6	54.1	86.6	87.2	54.5	70.0	72.6	58.7	59.5
582	11	it	Italian	1466064	20716.05477596178	68.9	67.6	93.0	73.0	97.9	62.5	41.8	55.9	89.9	91.2	47.2	63.2	69.2	59.6	45.8
583	11	es	Spanish	1480965	20863.220900139917	67.4	66.1	93.2	70.6	99.3	61.5	42.6	57.7	84.9	87.4	53.8	68.8	54.5	50.7	51.7
584	11	hu	Hungarian	437984	8892.436485412938	61.3	59.7	88.9	74.9	95.8	59.1	21.5	32.6	81.0	80.4	42.7	58.9	69.0	52.5	87.2
585	11	da	Danish	240436	5843.857885715987	66.6	65.8	93.9	72.7	76.7	61.6	45.9	59.2	79.7	78.6	43.9	60.2	79.5	62.2	66.2
586	11	sl	Slovenian	162453	4441.292895433814	65.0	63.7	90.1	75.2	90.1	55.0	33.7	47.0	83.9	86.4	55.0	70.0	57.3	48.4	4.2
587	11	fa	Persian	643750	11643.996586055895	63.7	61.8	91.0	70.5	89.8	60.0	21.7	34.7	73.4	80.4	71.5	82.0	54.5	43.3	72.4
588	11	ml	Malayalam	59305	2193.6327290113036	50.2	49.4	84.0	76.0	78.4	41.7	11.3	19.2	34.1	45.8	55.1	69.6	70.0	44.1	96.7
589	11	pl	Polish	1303297	19077.89160410566	64.0	62.3	92.0	73.4	78.8	51.4	29.5	42.3	80.4	83.6	60.4	74.5	58.4	48.7	5.1
590	11	de	German	2227483	27763.235613104658	53.1	50.6	94.2	54.3	69.6	50.8	13.1	22.4	64.3	74.7	29.8	45.1	78.5	56.2	64.5
591	11	ur	Urdu	140939	4020.886646589358	59.3	58.4	84.0	59.1	78.1	54.4	30.5	44.6	48.8	61.6	66.1	78.1	69.0	52.3	66.7
592	11	ta	Tamil	118119	3553.2341961723664	50.4	48.3	90.3	65.7	72.8	42.6	20.7	32.9	74.2	74.1	24.0	37.3	47.3	37.2	94.7
593	11	ar	Arabic	619692	11337.652004613721	55.8	54.6	88.4	63.6	85.2	54.8	19.5	28.9	57.3	67.7	60.2	72.7	49.1	39.6	86.5
594	11	af	Afrikaans	62963	2287.493079706232	55.1	52.5	92.7	54.4	85.9	52.7	15.6	25.7	78.0	83.0	32.1	48.0	57.5	51.3	64.8
595	11	ms	Malay	320631	7148.3178746845315	65.0	64.1	89.3	81.9	94.7	49.3	27.1	41.6	75.0	82.2	61.5	75.1	66.6	54.2	-
596	11	ca	Catalan	591783	10977.760196118565	60.6	58.7	94.7	67.5	92.9	53.3	34.3	48.1	86.0	87.0	34.6	50.5	49.7	45.9	60.3
597	11	ko	Korean	429369	8769.634230898475	61.8	59.8	93.2	66.6	87.6	61.0	17.1	27.2	74.8	81.9	56.5	70.5	66.8	51.4	89.5
598	11	ka	Georgian	124694	3690.5567651731817	39.2	38.1	91.3	51.3	77.4	33.8	33.3	42.9	20.9	31.4	28.9	42.8	22.1	26.3	96.0
599	11	zh	Chinese	1025366	16129.289567758304	74.5	73.8	91.8	84.2	97.5	71.4	43.1	55.7	86.6	89.5	72.2	82.3	73.0	59.5	92.2
600	11	el	Greek	153855	4275.413558775179	52.8	52.0	93.2	60.5	88.0	41.4	21.7	34.6	41.0	55.5	44.6	58.0	67.2	62.0	75.3
601	11	ro	Romanian	388896	8182.451378862378	58.8	55.7	91.5	64.0	85.9	44.3	11.8	20.4	78.4	83.9	40.5	56.7	74.6	64.9	55.0
602	11	nb	Norwegian Bokmål	495395	9693.176779637484	64.7	63.6	93.0	68.1	79.5	60.6	45.1	57.9	80.9	84.0	34.7	50.5	78.9	60.3	67.2
603	11	hy	Armenian	246571	5947.841647504996	49.6	49.3	91.3	57.5	77.7	38.5	36.7	46.8	39.7	51.4	25.5	39.2	64.4	62.3	77.8
604	11	az	Azerbaijani	138538	3972.8140633080093	63.9	63.8	90.1	81.7	93.3	48.9	40.2	54.0	56.8	66.4	66.0	78.3	62.0	53.8	87.7
605	11	vi	Vietnamese	1190187	17903.19910696157	63.8	62.8	87.2	58.0	96.5	62.4	40.5	55.7	80.4	86.5	35.4	51.4	73.8	63.1	95.0
606	11	am	Amharic	14375	813.4399490826034	10.4	6.7	52.1	17.1	35.3	14.4	0.0	0.0	0.0	0.0	0.0	0.0	4.6	8.6	86.6
607	11	mn	Mongolian	18353	965.1502893781166	37.2	36.4	90.1	77.5	86.2	27.2	7.0	12.8	23.7	36.5	10.0	17.7	62.2	47.1	86.2
608	11	te	Telugu	69354	2447.6541908977074	55.6	52.2	89.3	60.4	66.1	44.1	10.5	18.6	63.5	70.8	65.8	76.2	52.3	43.2	96.7
609	11	tr	Turkish	316969	7091.069677157644	64.9	63.1	91.0	75.6	90.5	50.9	23.4	36.0	77.7	84.2	59.3	73.4	71.4	58.7	86.2
610	11	sw	Swahili	45806	1830.820042504627	34.5	32.9	78.2	50.3	85.5	27.0	7.3	13.3	31.8	46.5	4.9	9.2	50.5	50.8	95.1
611	11	hi	Hindi	127044	3739.1071557224855	60.4	58.7	88.4	74.9	90.1	50.4	17.9	28.7	64.5	73.1	66.7	79.2	58.8	46.1	69.8
612	11	my	Burmese	39823	1659.9453177012165	51.1	50.0	86.2	70.2	93.6	36.9	10.5	18.5	61.3	72.2	44.3	60.7	44.9	41.3	86.0
613	11	sq	Albanian	74871	2582.3763971227927	54.2	51.0	89.8	66.7	89.4	37.1	13.6	22.8	86.3	88.7	16.6	27.8	66.0	62.8	69.4
614	11	kn	Kannada	23844	1159.2187022563849	56.8	54.4	87.7	63.2	80.9	47.4	15.2	25.4	60.1	66.9	63.4	75.7	55.7	47.8	90.8
615	11	he	Hebrew	231868	5697.293213710288	58.6	56.5	90.6	60.8	79.2	53.3	22.8	35.2	68.9	75.5	64.6	75.7	42.5	38.6	88.9
616	11	cy	Welsh	101472	3194.7902785368406	29.2	26.4	77.5	55.0	91.5	28.5	4.5	8.4	14.5	24.0	4.7	8.8	41.4	33.6	75.5
617	11	lv	Latvian	88189	2895.9435542059928	49.3	47.8	88.4	69.7	90.1	41.3	18.3	28.9	63.9	71.1	20.0	32.9	55.3	43.2	49.1
618	11	ja	Japanese	1124097	17201.354733083634	68.7	65.9	91.5	79.6	88.7	63.3	16.9	28.1	88.1	89.8	76.0	85.4	65.8	49.2	93.3
619	11	bn	Bangla	61294	2244.8771262505607	49.3	48.2	89.1	68.6	72.4	35.3	14.7	23.9	51.7	60.0	39.2	54.8	58.1	46.5	66.3
620	11	jv	Javanese	54964	2079.9592748739587	37.7	36.7	88.1	59.2	88.3	28.3	7.8	14.2	24.3	37.1	19.1	31.4	50.5	49.9	95.4
621	11	th	Thai	127010	3738.4066557136134	46.9	44.8	92.5	58.3	77.0	38.8	18.8	29.8	63.0	70.6	20.4	33.4	43.3	38.1	89.5
622	11	km	Khmer	6741	478.7480620730186	11.7	7.9	22.0	24.5	96.8	17.4	0.3	0.6	0.0	0.0	0.0	0.0	2.6	4.7	97.1
623	11	is	Icelandic	45873	1832.6941776121614	32.7	30.4	74.1	47.6	76.3	30.5	7.8	13.2	17.3	26.4	12.2	21.4	56.7	43.4	68.9
624	12	ru	Russian	1501878	21069.016291708875	78.6	77.6	94.9	77.5	97.9	77.1	69.1	79.3	88.9	85.9	73.8	83.9	58.8	61.8	0
625	12	en	English	5731625	53801.50665616637	66.0	63.3	97.6	63.2	97.2	90.0	2.4	4.7	79.7	87.0	68.2	80.6	79.7	54.5	60.3
626	12	pt	Portuguese	1007323	15930.086174949594	61.0	58.2	95.2	60.3	94.3	72.3	7.5	13.9	77.4	82.2	50.5	66.2	73.4	54.2	61.6
627	12	tl	Filipino	80992	2728.409081660485	54.2	50.7	84.5	48.5	81.3	39.7	0.0	0.0	64.7	76.8	55.0	70.4	65.8	68.8	91.9
628	12	nl	Dutch	1944129	25241.05801287733	63.0	62.3	95.6	56.0	89.0	72.2	34.4	50.8	87.2	87.5	36.1	52.5	62.8	54.6	64.6
629	12	id	Indonesian	440952	8934.575471457805	59.5	55.6	93.7	67.2	94.3	55.2	5.9	11.1	78.3	82.9	58.2	72.7	54.7	44.4	91.2
630	12	zh-TW	Chinese (Taiwan)	1025366	16129.289567758304	68.5	65.8	94.4	72.4	98.9	77.6	12.8	22.3	85.2	88.5	76.1	85.5	65.6	48.8	92.2
631	12	fi	Finnish	445606	9000.48103071153	49.3	45.3	92.0	54.6	81.6	44.5	3.3	6.5	72.2	78.6	29.5	43.8	50.5	43.7	88.9
632	12	fr	French	2046793	26166.868152131654	57.4	53.4	93.9	56.4	94.7	73.6	2.7	5.2	84.9	83.0	30.9	46.4	75.3	56.0	61.0
633	12	sv	Swedish	3763579	40079.35516912295	63.5	62.1	94.9	58.0	79.9	65.6	30.3	45.9	86.2	86.0	46.2	62.5	63.4	54.9	59.5
634	12	it	Italian	1466064	20716.05477596178	61.9	58.3	95.2	64.1	96.8	67.2	8.5	15.5	89.8	90.6	42.7	59.4	71.0	52.8	45.8
635	12	es	Spanish	1480965	20863.220900139917	57.4	54.4	94.9	58.8	98.2	69.2	8.1	15.0	82.9	83.1	40.7	56.9	53.9	43.3	51.7
636	12	hu	Hungarian	437984	8892.436485412938	56.2	52.3	95.6	54.7	84.1	67.7	3.2	6.2	84.7	80.6	39.0	55.1	59.8	49.6	87.2
637	12	da	Danish	240436	5843.857885715987	58.7	57.0	97.1	57.7	68.9	60.3	23.9	38.2	79.6	76.7	39.8	56.0	63.6	53.2	66.2
638	12	sl	Slovenian	162453	4441.292895433814	64.3	62.2	92.3	64.1	90.1	59.4	29.2	45.0	85.2	84.2	56.7	71.3	52.5	49.2	4.2
639	12	fa	Persian	643750	11643.996586055895	61.6	58.7	93.0	64.4	89.4	67.0	10.4	18.6	77.3	80.8	68.6	80.7	51.9	40.5	72.4
640	12	ml	Malayalam	59305	2193.6327290113036	47.8	44.4	85.0	55.9	56.5	44.2	1.1	2.2	41.7	51.1	56.2	70.5	67.0	42.4	96.7
641	12	pl	Polish	1303297	19077.89160410566	57.7	54.0	94.2	63.0	69.6	54.0	8.8	15.3	82.0	79.6	55.7	70.7	51.1	41.5	5.1
642	12	de	German	2227483	27763.235613104658	48.6	46.3	95.6	44.5	68.6	57.3	3.3	6.5	60.0	71.5	29.2	44.4	68.0	53.6	64.5
643	12	ur	Urdu	140939	4020.886646589358	52.8	50.9	90.8	47.6	73.1	65.7	4.0	7.6	48.6	62.4	64.6	77.1	59.8	45.1	66.7
644	12	ta	Tamil	118119	3553.2341961723664	46.9	42.4	91.8	57.6	64.0	49.5	3.7	7.1	77.4	69.8	20.9	33.4	49.9	37.1	94.7
645	12	ar	Arabic	619692	11337.652004613721	53.6	51.2	91.8	54.3	80.6	61.0	7.8	14.1	66.0	71.7	58.3	72.9	40.0	33.1	86.5
646	12	af	Afrikaans	62963	2287.493079706232	50.0	46.6	94.9	43.4	83.0	57.0	1.0	1.9	77.3	83.5	31.6	47.1	44.9	46.6	64.8
647	12	ms	Malay	320631	7148.3178746845315	59.9	56.4	92.0	65.6	92.2	56.5	7.3	13.6	75.1	82.2	60.6	74.5	58.8	45.9	-
648	12	ca	Catalan	591783	10977.760196118565	53.0	48.8	95.2	53.8	91.9	59.8	4.0	7.6	85.0	86.7	29.5	44.7	47.3	40.0	60.3
649	12	ko	Korean	429369	8769.634230898475	59.3	56.1	94.4	59.6	86.9	67.5	5.3	9.8	79.3	83.8	49.1	64.6	69.6	51.1	89.5
650	12	ka	Georgian	124694	3690.5567651731817	32.7	30.2	92.7	38.0	60.8	34.4	6.9	12.5	30.4	40.5	25.9	39.6	12.7	16.1	96.0
651	12	zh	Chinese	1025366	16129.289567758304	69.8	67.4	94.4	73.2	97.9	80.5	13.2	23.1	87.1	89.6	71.1	81.8	78.7	56.0	92.2
652	12	el	Greek	153855	4275.413558775179	46.0	42.9	95.2	45.8	66.4	43.9	1.4	2.8	47.6	60.8	37.7	51.9	59.4	52.1	75.3
653	12	ro	Romanian	388896	8182.451378862378	54.5	50.2	91.5	50.8	83.0	48.8	1.6	3.1	77.0	82.3	38.1	54.5	66.6	61.5	55.0
654	12	nb	Norwegian Bokmål	495395	9693.176779637484	57.8	56.4	96.9	51.6	74.6	65.5	23.9	38.1	84.6	86.3	28.7	43.8	63.8	53.3	67.2
655	12	hy	Armenian	246571	5947.841647504996	44.9	43.3	94.7	42.5	68.9	47.9	8.0	14.5	49.8	59.1	28.5	43.5	53.3	52.2	77.8
656	12	az	Azerbaijani	138538	3972.8140633080093	56.6	53.5	93.0	62.5	93.6	57.5	7.2	13.3	56.5	64.4	62.4	75.7	59.2	47.4	87.7
657	12	vi	Vietnamese	1190187	17903.19910696157	59.6	57.8	94.4	52.6	95.1	78.3	10.2	18.4	83.3	88.5	36.5	53.1	73.4	55.6	95.0
658	12	am	Amharic	14375	813.4399490826034	13.5	5.6	99.8	22.7	1.4	2.7	0.0	0.0	0.1	0.3	0.0	0.0	4.0	7.7	86.6
659	12	mn	Mongolian	18353	965.1502893781166	32.5	28.7	92.0	48.5	61.5	25.9	0.6	1.3	26.6	39.9	8.9	16.2	49.7	40.5	86.2
660	12	te	Telugu	69354	2447.6541908977074	52.6	48.3	94.4	49.6	55.1	50.1	1.8	3.4	60.9	66.8	67.1	77.2	47.9	42.6	96.7
661	12	tr	Turkish	316969	7091.069677157644	61.3	56.7	92.7	62.1	89.0	58.0	3.0	5.9	78.1	83.0	60.2	74.2	71.2	56.7	86.2
662	12	sw	Swahili	45806	1830.820042504627	29.2	26.2	79.7	33.2	65.7	28.5	0.0	0.0	29.5	44.7	2.2	4.2	42.3	46.8	95.1
663	12	hi	Hindi	127044	3739.1071557224855	60.3	57.2	92.5	62.6	86.9	62.2	9.6	17.3	70.1	75.5	68.6	80.4	56.7	45.2	69.8
664	12	my	Burmese	39823	1659.9453177012165	50.5	46.4	91.0	51.8	74.2	47.4	0.3	0.6	67.5	75.3	41.4	58.3	55.9	44.9	86.0
665	12	sq	Albanian	74871	2582.3763971227927	49.9	44.6	94.2	45.4	78.4	47.2	0.3	0.6	86.2	88.5	15.5	26.3	59.2	59.5	69.4
666	12	kn	Kannada	23844	1159.2187022563849	54.3	50.1	91.3	53.4	67.5	52.5	1.8	3.4	63.3	68.6	62.7	75.8	57.7	47.1	90.8
667	12	he	Hebrew	231868	5697.293213710288	56.9	54.7	94.9	52.9	73.9	58.5	20.6	33.8	71.7	75.2	63.2	75.6	31.6	31.9	88.9
668	12	cy	Welsh	101472	3194.7902785368406	25.6	21.8	91.0	32.3	56.5	38.7	0.8	1.6	11.8	20.6	2.2	4.3	38.8	33.5	75.5
669	12	lv	Latvian	88189	2895.9435542059928	46.3	43.0	92.0	48.5	73.9	51.2	4.9	9.4	68.6	72.5	25.2	39.4	44.7	37.1	49.1
670	12	ja	Japanese	1124097	17201.354733083634	66.8	63.4	91.5	75.1	92.6	69.1	9.3	16.6	87.6	88.6	75.2	84.9	62.8	45.9	93.3
671	12	bn	Bangla	61294	2244.8771262505607	45.1	42.6	93.7	44.4	61.8	49.3	4.1	7.9	54.8	61.9	33.3	48.9	50.3	43.3	66.3
672	12	jv	Javanese	54964	2079.9592748739587	34.6	31.5	90.3	44.2	88.3	34.6	0.3	0.6	21.9	33.6	20.6	33.3	39.4	42.5	95.4
673	12	th	Thai	127010	3738.4066557136134	42.1	39.0	95.2	42.7	64.0	52.5	4.3	8.0	68.5	69.9	22.8	36.9	24.9	24.2	89.5
674	12	km	Khmer	6741	478.7480620730186	13.1	4.9	98.8	22.6	1.8	3.2	0.0	0.0	0.7	1.4	0.0	0.0	1.2	2.4	97.1
675	12	is	Icelandic	45873	1832.6941776121614	28.3	25.2	85.0	34.1	61.1	31.1	0.3	0.6	14.7	23.4	11.1	19.6	42.1	42.5	68.9
